Date,Open,High,Low,Close,Adjusted_close,Volume
2001-01-02,20.75,20.9375,19.375,19.5625,10.0249,131100
2001-01-03,19.5625,20.5,19.5625,20.5,10.5048,192400
2001-01-04,20.5,22.625,20.5,22.125,11.3377,451500
2001-01-05,21.875,21.9375,20.625,20.625,10.5691,190100
2001-01-08,20.8125,20.8125,20.3125,20.75,10.6332,83400
2001-01-09,20.6875,20.875,20.5,20.75,10.6332,70200
2001-01-10,20.875,20.9375,20.4375,20.5625,10.5371,140400
2001-01-11,20.9688,21.0312,20.375,20.5,10.5048,45500
2001-01-12,20.4375,20.5625,20.4375,20.5625,10.5371,34800
2001-01-16,20.5625,21.25,20.375,21.0625,10.7938,137300
2001-01-17,20.9375,21.0156,20.3125,20.6875,10.6011,95900
2001-01-18,20.875,20.875,20.375,20.8125,10.6651,28700
2001-01-19,20.5,20.75,20.375,20.375,10.4411,60200
2001-01-22,20.5,20.5,20.0625,20.125,10.312999999999999,229000
2001-01-23,20.0625,20.75,20.0625,20.75,10.6332,42100
2001-01-24,20.375,20.75,20.375,20.75,10.6332,29400
2001-01-25,20.625,20.625,20.375,20.375,10.4411,21700
2001-01-26,20.4375,20.75,20.3125,20.6875,10.6011,42000
2001-01-29,20.75,21.25,20.5,20.875,10.6971,35800
2001-01-30,20.8125,21.125,20.625,20.75,10.6332,154000
2001-01-31,20.7812,20.9375,20.75,20.9375,10.7294,47800
2001-02-01,20.8125,21.0625,20.6875,20.9219,10.7211,53300
2001-02-02,20.8125,21.25,20.8125,21.0,10.7613,40300
2001-02-05,20.875,21.0,20.6875,21.0,10.7613,27500
2001-02-06,20.9375,21.0,20.5,20.875,10.6971,17000
2001-02-07,20.5625,21.0,20.5625,20.9375,10.7294,47000
2001-02-08,20.75,20.9375,20.5625,20.625,10.5691,51600
2001-02-09,20.75,20.9375,20.5625,20.75,10.6332,74400
2001-02-12,20.75,21.6875,20.75,21.6875,11.1137,68000
2001-02-13,21.4375,22.0,21.4375,21.875,11.2099,136500
2001-02-14,21.75,21.875,21.25,21.875,11.2099,50000
2001-02-15,21.8125,22.0,21.625,22.0,11.2738,101500
2001-02-16,21.8594,21.8594,21.5,21.625,11.0814,47800
2001-02-20,21.5625,21.625,21.0,21.25,10.8894,90600
2001-02-21,21.0625,21.25,20.5,21.125,10.825,40700
2001-02-22,21.0625,21.0625,20.4375,20.625,10.5691,84000
2001-02-23,20.625,21.4375,20.5,21.1875,10.8572,72800
2001-02-26,21.5,22.0,20.75,21.9375,11.2417,52600
2001-02-27,21.75,21.875,21.3125,21.5625,11.1179,69700
2001-02-28,21.5625,21.875,21.125,21.8125,11.247,51800
2001-03-01,21.5,21.8125,21.0625,21.8125,11.247,41200
2001-03-02,21.5625,21.8281,21.5625,21.75,11.2146,43100
2001-03-05,21.8125,21.8125,21.375,21.5,11.085999999999999,36700
2001-03-06,21.625,21.75,21.5,21.625,11.1499,20800
2001-03-07,21.6875,21.875,21.375,21.5625,11.1179,42400
2001-03-08,21.625,21.625,21.1875,21.25,10.9567,55100
2001-03-09,21.0,21.1875,20.8125,20.8125,10.7315,57000
2001-03-12,20.9375,21.125,20.75,20.8906,10.7716,134800
2001-03-13,21.125,22.0,20.9375,21.75,11.2146,109300
2001-03-14,21.5,21.6875,20.625,21.0625,10.86,200400
2001-03-15,21.1875,21.5,21.0,21.0,10.828,215200
2001-03-16,21.4375,21.4375,20.6875,21.125,10.8922,105700
2001-03-19,21.125,21.875,21.0625,21.625,11.1499,53800
2001-03-20,21.1875,22.0,21.1875,21.625,11.1499,129900
2001-03-21,21.5,21.625,21.2969,21.4375,11.0536,61500
2001-03-22,21.375,21.5,20.5,21.0,10.828,70300
2001-03-23,21.0625,21.2656,20.875,20.9375,10.7958,177700
2001-03-26,21.0625,21.25,21.0,21.25,10.9567,43600
2001-03-27,21.0,21.25,20.875,21.1875,10.9248,100000
2001-03-28,21.1875,21.5,20.9375,21.125,10.8922,98300
2001-03-29,21.0625,21.375,20.75,21.0625,10.86,86500
2001-03-30,21.0625,21.125,20.6875,20.75,10.6989,365100
2001-04-02,20.75,22.0,20.75,20.75,10.6989,210900
2001-04-03,20.75,21.25,20.625,21.2031,10.9324,113500
2001-04-04,21.0,21.1875,20.625,20.625,10.6346,124300
2001-04-05,20.6875,21.5625,20.625,21.5625,11.1179,40000
2001-04-06,21.5,21.625,20.875,21.25,10.9567,64900
2001-04-09,21.05,21.45,20.6,20.9,10.7765,71800
2001-04-10,20.65,21.92,20.65,21.02,10.8383,167400
2001-04-11,21.05,21.75,20.9,21.06,10.8589,73300
2001-04-12,21.15,21.41,20.55,21.3,10.9824,54000
2001-04-16,21.0,21.31,20.74,20.9,10.7765,61700
2001-04-17,20.9,21.05,20.9,21.05,10.854000000000001,52300
2001-04-18,20.98,21.95,20.98,21.44,11.0553,100000
2001-04-19,21.44,21.44,21.11,21.31,10.988,37600
2001-04-20,21.205,21.3,20.62,21.09,10.8742,43300
2001-04-23,21.09,21.09,20.48,20.52,10.5807,39900
2001-04-24,20.59,21.42,20.59,21.09,10.8742,56200
2001-04-25,21.04,21.04,20.7,20.79,10.7198,154900
2001-04-26,20.75,21.0,20.75,20.89,10.7713,112100
2001-04-27,20.89,21.1,20.73,20.73,10.6887,78300
2001-04-30,20.85,21.0,20.8,20.9,10.7765,127700
2001-05-01,20.85,21.49,20.85,21.49,11.0805,94300
2001-05-02,21.4,21.6,21.12,21.46,11.065,105500
2001-05-03,21.3,21.61,21.16,21.47,11.0704,99000
2001-05-04,21.38,21.9,21.32,21.9,11.2922,39100
2001-05-07,21.9,21.97,21.75,21.75,11.2146,142700
2001-05-08,21.89,21.89,21.55,21.79,11.2351,46300
2001-05-09,21.6,21.89,21.57,21.65,11.1631,61600
2001-05-10,21.6,21.85,21.55,21.6,11.1372,27300
2001-05-11,21.6,21.8,21.46,21.5,11.085999999999999,44400
2001-05-14,21.45,21.58,21.41,21.48,11.0754,4100
2001-05-15,21.5,21.5,21.15,21.31,10.988,58600
2001-05-16,21.2,21.65,21.15,21.5,11.085999999999999,59800
2001-05-17,21.3,21.71,21.3,21.67,11.1735,29300
2001-05-18,21.3,21.66,21.15,21.66,11.1688,29000
2001-05-21,21.4,21.77,21.4,21.77,11.2248,99600
2001-05-22,21.79,22.5,21.77,22.11,11.4,157900
2001-05-23,22.07,22.11,21.96,22.02,11.3538,59100
2001-05-24,22.0,22.23,21.98,22.23,11.462,49900
2001-05-25,21.95,22.28,21.95,22.2,11.4467,44400
2001-05-29,21.96,22.08,21.78,21.85,11.2665,126000
2001-05-30,21.8,22.36,21.8,22.21,11.5233,122900
2001-05-31,22.3,22.42,21.35,21.86,11.3411,94500
2001-06-01,21.9,22.4,21.78,22.37,11.6062,77300
2001-06-04,22.06,22.74,22.06,22.64,11.7462,75600
2001-06-05,22.64,23.0,22.59,23.0,11.9327,153100
2001-06-06,23.0,23.36,22.69,23.2,12.0368,122900
2001-06-07,23.075,23.2,23.03,23.15,12.0108,183000
2001-06-08,23.07,23.15,23.07,23.11,11.9901,40800
2001-06-11,23.11,23.13,23.06,23.08,11.9745,74400
2001-06-12,23.18,23.43,23.1,23.39,12.1356,147200
2001-06-13,23.4,23.55,23.15,23.32,12.0988,101600
2001-06-14,23.27,23.36,22.85,22.97,11.9173,271000
2001-06-15,22.95,22.96,22.78,22.94,11.9018,132100
2001-06-18,22.77,23.1,22.77,23.08,11.9745,77300
2001-06-19,22.95,23.11,22.82,23.09,11.9796,42300
2001-06-20,22.92,23.45,22.92,23.4,12.1404,277700
2001-06-21,23.39,23.77,23.37,23.77,12.3326,240100
2001-06-22,23.72,23.75,23.08,23.11,11.9901,54900
2001-06-25,23.0,23.165,22.1,22.15,11.4921,185400
2001-06-26,22.15,22.72,22.15,22.64,11.7462,116800
2001-06-27,22.72,22.92,22.1,22.53,11.689,96500
2001-06-28,22.5,23.15,22.5,22.88,11.8708,56900
2001-06-29,22.86,22.96,20.32,20.32,10.5425,948900
2001-07-02,21.26,21.64,20.75,21.03,10.9109,368400
2001-07-03,20.75,21.48,20.75,21.34,11.0717,89100
2001-07-05,21.31,21.6,21.05,21.28,11.0406,230800
2001-07-06,21.235,21.235,20.9,20.9,10.8434,118000
2001-07-09,20.81,21.17,20.69,20.82,10.8018,125900
2001-07-10,20.82,21.18,20.69,20.96,10.8744,146200
2001-07-11,21.14,21.92,20.95,21.56,11.1859,435500
2001-07-12,21.57,22.47,21.57,22.41,11.6267,112800
2001-07-13,22.43,22.64,22.11,22.29,11.5647,43300
2001-07-16,22.21,22.89,22.21,22.74,11.7983,77600
2001-07-17,22.54,22.94,22.45,22.87,11.8651,118500
2001-07-18,22.76,23.81,22.76,23.81,12.353,284300
2001-07-19,23.6,24.64,23.6,24.63,12.7785,739000
2001-07-20,24.64,24.64,24.29,24.36,12.6384,269200
2001-07-23,24.36,24.59,24.27,24.58,12.7526,108300
2001-07-24,24.26,24.4,23.3,23.65,12.2699,126800
2001-07-25,23.505,23.54,22.99,23.29,12.0835,82500
2001-07-26,23.18,23.45,23.11,23.4,12.1404,109300
2001-07-27,23.34,24.08,23.34,24.07,12.4881,122600
2001-07-30,23.8,24.16,23.8,24.05,12.4779,115300
2001-07-31,23.95,24.36,23.95,24.15,12.5295,159600
2001-08-01,24.36,24.45,24.17,24.4,12.6594,180000
2001-08-02,24.39,24.75,24.15,24.68,12.8047,122000
2001-08-03,24.6491,24.65,24.13,24.24,12.5761,46100
2001-08-06,24.16,24.61,24.12,24.14,12.5241,97200
2001-08-07,24.1,24.25,23.82,23.88,12.3893,33500
2001-08-08,23.9,24.13,23.85,24.11,12.5087,70600
2001-08-09,23.91,24.0,23.55,23.92,12.4103,49400
2001-08-10,23.57,24.2,23.57,24.05,12.4779,60200
2001-08-13,24.04,24.25,23.95,24.22,12.565999999999999,43100
2001-08-14,24.2,24.22,23.8,24.07,12.4881,53900
2001-08-15,23.98,24.22,23.9,24.21,12.5605,41700
2001-08-16,24.15,24.5,24.1,24.5,12.7112,40200
2001-08-17,24.23,24.49,23.9,24.12,12.514000000000001,43800
2001-08-20,23.88,24.4,23.88,24.4,12.6594,104100
2001-08-21,24.11,24.66,24.11,24.27,12.5918,59000
2001-08-22,24.43,24.44,23.78,24.24,12.5761,35000
2001-08-23,24.11,24.49,23.92,23.92,12.4103,74800
2001-08-24,23.85,23.92,23.49,23.53,12.2076,34400
2001-08-27,23.49,23.55,22.7,22.87,11.8651,36200
2001-08-28,22.71,22.71,22.38,22.39,11.6161,83200
2001-08-29,22.49,22.49,22.19,22.29,11.6347,102100
2001-08-30,22.2,22.22,22.0,22.18,11.5774,34800
2001-08-31,22.22,22.4,22.12,22.4,11.6918,55300
2001-09-04,22.26,22.42,22.25,22.25,11.6137,53800
2001-09-05,22.25,22.3,21.85,22.08,11.5254,63800
2001-09-06,21.96,22.08,21.9,21.93,11.4468,30100
2001-09-07,21.8,21.8,21.65,21.65,11.3007,50900
2001-09-10,21.66,21.73,21.32,21.5,11.2222,175800
2001-09-17,21.64,21.84,21.2,21.2,11.0658,139800
2001-09-18,21.265,21.58,21.18,21.24,11.0868,156700
2001-09-19,21.6,21.6,20.7,21.0,10.9614,314500
2001-09-20,21.0,21.09,20.62,20.95,10.9354,271000
2001-09-21,20.89,20.89,20.45,20.55,10.7263,67200
2001-09-24,20.55,20.88,20.55,20.85,10.8832,135400
2001-09-25,20.97,21.55,20.74,21.52,11.2328,162800
2001-09-26,21.55,21.7,21.38,21.38,11.1598,61600
2001-09-27,21.63,22.76,21.39,22.51,11.7495,61600
2001-09-28,22.3,22.76,21.76,22.38,11.6817,50600
2001-10-01,22.38,22.45,21.26,21.7,11.3267,50800
2001-10-02,21.72,21.85,21.58,21.69,11.3216,48700
2001-10-03,21.4,21.85,21.35,21.66,11.3063,210100
2001-10-04,21.68,22.44,21.65,21.97,11.4675,134800
2001-10-05,22.04,22.5,21.96,22.28,11.6295,156500
2001-10-08,22.26,22.26,21.83,21.9,11.4311,76000
2001-10-09,22.06,22.06,21.55,21.9,11.4311,68000
2001-10-10,21.97,22.2,21.87,22.2,11.5873,124500
2001-10-11,22.24,22.64,22.0,22.2,11.5873,51600
2001-10-12,22.2,22.2,21.8,21.96,11.4623,41200
2001-10-15,21.97,22.5,21.9,22.5,11.7443,56100
2001-10-16,22.5,23.25,22.37,23.25,12.1362,62900
2001-10-17,22.75,23.27,22.75,23.03,12.020999999999999,67500
2001-10-18,22.98,23.52,22.96,23.47,12.2507,183900
2001-10-19,23.37,23.82,23.25,23.7,12.3712,110900
2001-10-22,23.7,23.75,23.2,23.46,12.2454,67700
2001-10-23,23.365,23.74,23.05,23.63,12.3344,33300
2001-10-24,23.25,24.06,23.25,23.95,12.5011,41700
2001-10-25,23.85,23.98,23.45,23.93,12.4911,50600
2001-10-26,23.45,24.06,23.45,23.93,12.4911,65300
2001-10-29,23.84,23.94,23.52,23.92,12.4854,115600
2001-10-30,23.75,24.05,23.5,24.0,12.5275,21700
2001-10-31,23.99,24.05,23.61,23.96,12.5064,44400
2001-11-01,23.71,24.19,23.58,24.19,12.6262,21500
2001-11-02,23.7713,23.9,23.6,23.65,12.3449,23800
2001-11-05,23.95,24.39,23.76,24.3,12.6841,34600
2001-11-06,24.28,24.4,23.9,24.28,12.6737,38300
2001-11-07,24.1027,24.41,23.89,23.89,12.4696,30600
2001-11-08,23.97,24.5,23.97,24.5,12.7881,29500
2001-11-09,24.3515,24.4975,24.08,24.3,12.6841,18400
2001-11-12,24.26,24.75,24.0,24.7,12.8925,97700
2001-11-13,24.7,24.82,23.87,24.33,12.6992,104800
2001-11-14,24.46,24.65,24.3,24.53,12.8039,247500
2001-11-15,24.5,24.63,24.28,24.34,12.7049,108600
2001-11-16,24.27,24.63,24.12,24.18,12.6215,21500
2001-11-19,24.31,24.4985,24.1,24.25,12.6576,59400
2001-11-20,24.13,24.19,23.98,24.0,12.5275,66000
2001-11-21,23.95,24.35,23.83,24.03,12.543,34200
2001-11-23,24.02,24.17,23.82,24.16,12.6109,5000
2001-11-26,24.26,24.3,23.74,24.1,12.5797,117100
2001-11-27,24.02,24.14,23.87,24.04,12.5481,84100
2001-11-28,24.09,24.09,23.68,23.7,12.4489,50700
2001-11-29,23.68,24.0,23.68,24.0,12.6062,92000
2001-11-30,24.0,24.6,23.94,24.13,12.6743,110000
2001-12-03,24.21,24.21,23.86,23.93,12.569,42600
2001-12-04,23.75,24.26,23.75,24.02,12.6162,38400
2001-12-05,24.05,24.4,23.87,23.87,12.537,41800
2001-12-06,24.18,24.25,24.06,24.12,12.6691,44000
2001-12-07,24.1,24.24,24.1,24.15,12.6849,108500
2001-12-10,24.15,24.15,24.02,24.02,12.6162,105400
2001-12-11,23.8,24.05,23.64,23.76,12.4802,145300
2001-12-12,24.1,24.3,23.87,24.0,12.6062,159300
2001-12-13,23.9,24.15,23.8,24.05,12.6323,78400
2001-12-14,24.2,24.3,23.8,23.98,12.5956,67000
2001-12-17,24.05,24.26,23.92,24.1,12.6585,148000
2001-12-18,24.1193,24.3,24.01,24.28,12.7529,53900
2001-12-19,23.93,24.18,23.84,24.0,12.6062,337600
2001-12-20,24.0,24.15,23.7,23.89,12.5481,37300
2001-12-21,23.96,24.14,23.8,24.03,12.6219,70400
2001-12-24,24.03,24.13,23.95,23.95,12.5798,16100
2001-12-26,24.02,24.35,23.75,23.79,12.4955,55200
2001-12-27,23.73,24.25,23.73,24.12,12.6691,62100
2001-12-28,24.02,24.32,23.82,24.16,12.6901,58700
2001-12-31,23.95,24.3,23.95,24.23,12.7268,47600
2002-01-02,24.1,24.1,23.75,23.75,12.4748,23500
2002-01-03,23.75,24.22,23.61,23.85,12.5274,36600
2002-01-04,24.049,24.11,23.8124,23.98,12.5956,37800
2002-01-07,23.95,23.99,23.72,23.8,12.5007,45700
2002-01-08,23.8,24.11,23.8,24.05,12.6323,55000
2002-01-09,24.15,24.15,23.84,23.9,12.5533,42700
2002-01-10,23.99,24.16,23.82,24.1,12.6585,36400
2002-01-11,24.15,24.15,23.9,24.11,12.6637,29500
2002-01-14,23.88,24.2,23.77,24.0,12.6062,65600
2002-01-15,24.0,24.15,24.0,24.1,12.6585,75700
2002-01-16,24.125,24.14,23.9,23.9,12.5533,30000
2002-01-17,24.05,24.05,23.78,23.8,12.5007,43700
2002-01-18,24.0,24.0,23.39,23.649,12.4217,77900
2002-01-22,23.85,23.86,23.38,23.52,12.354000000000001,29300
2002-01-23,23.75,23.78,23.41,23.67,12.4327,46300
2002-01-24,23.69,23.979,23.69,23.979,12.5952,49700
2002-01-25,23.85,24.2,23.8,24.1,12.6585,241600
2002-01-28,24.05,24.18,23.9,23.97,12.5902,62300
2002-01-29,24.04,24.04,23.82,23.89,12.5481,92800
2002-01-30,23.83,24.5,23.8,24.2,12.710999999999999,136900
2002-01-31,24.17,24.88,24.01,24.35,12.7897,152000
2002-02-01,24.09,24.6,24.08,24.52,12.879000000000001,64500
2002-02-04,24.365,24.56,24.16,24.16,12.6901,45300
2002-02-05,24.15,24.25,24.05,24.07,12.6427,33300
2002-02-06,24.0699,24.1,23.98,24.05,12.6323,94400
2002-02-07,24.02,24.4,24.02,24.08,12.6478,68100
2002-02-08,24.1,24.4,24.0401,24.4,12.8162,44200
2002-02-11,24.245,24.49,24.2,24.25,12.7371,45700
2002-02-12,24.2,24.25,24.15,24.2,12.710999999999999,181900
2002-02-13,24.15,24.4,24.1,24.38,12.806,219800
2002-02-14,24.38,24.65,24.2,24.32,12.7743,83600
2002-02-15,24.4,24.5,24.25,24.28,12.7529,44300
2002-02-19,24.385,24.4,24.23,24.26,12.7424,29700
2002-02-20,24.2,24.35,24.15,24.32,12.7743,35400
2002-02-21,24.25,24.6,24.0,24.2,12.710999999999999,39000
2002-02-22,24.14,24.35,24.1,24.34,12.7845,33700
2002-02-25,24.16,24.5,24.16,24.43,12.8322,46700
2002-02-26,24.26,24.6,24.25,24.46,12.8476,48100
2002-02-27,24.46,24.6,24.46,24.6,13.0009,33300
2002-02-28,24.655,24.655,24.22,24.42,12.9054,20200
2002-03-01,24.45,24.69,24.25,24.48,12.9373,51100
2002-03-04,24.35,24.7,24.25,24.601,13.0013,60000
2002-03-05,24.62,24.69,24.55,24.65,13.0274,107600
2002-03-06,24.46,24.74,24.4,24.74,13.0746,99600
2002-03-07,24.73,25.05,24.73,25.03,13.2283,182000
2002-03-08,25.035,25.25,24.95,25.0,13.2119,47400
2002-03-11,25.07,25.25,24.95,25.13,13.280999999999999,128500
2002-03-12,25.15,25.3,24.95,25.04,13.2333,278200
2002-03-13,25.0,25.15,24.94,25.09,13.2597,69200
2002-03-14,25.1,25.3,24.97,25.23,13.3335,96300
2002-03-15,24.61,25.3,24.51,25.1,13.2653,56500
2002-03-18,25.1984,25.25,24.94,25.1,13.2653,98500
2002-03-19,24.95,25.12,24.94,24.97,13.1961,27800
2002-03-20,24.97,25.09,24.89,24.9,13.1592,29500
2002-03-21,24.89,24.9,24.16,24.38,12.8846,126300
2002-03-22,24.425,24.97,24.3613,24.66,13.0325,71500
2002-03-25,24.585,25.25,24.585,25.08,13.2546,110200
2002-03-26,24.88,25.21,24.76,25.09,13.2597,99200
2002-03-27,25.1,25.41,25.09,25.37,13.4075,65100
2002-03-28,25.39,25.5,25.2,25.26,13.3496,92200
2002-04-01,25.18,25.39,24.56,25.09,13.2597,50300
2002-04-02,25.0,25.52,24.9,25.27,13.3548,78700
2002-04-03,25.34,25.44,24.82,25.0,13.2119,83400
2002-04-04,24.95,25.29,24.921,25.05,13.2387,82300
2002-04-05,25.13,25.14,24.9,24.9,13.1592,56200
2002-04-08,25.03,25.25,24.75,24.99,13.2069,36500
2002-04-09,25.0,25.9,25.0,25.65,13.5558,92700
2002-04-10,25.55,26.35,25.41,25.95,13.7142,175300
2002-04-11,25.56,26.13,25.16,25.51,13.4819,84300
2002-04-12,25.56,26.41,25.56,25.9,13.6877,79000
2002-04-15,25.9,26.31,25.73,25.8,13.6346,64700
2002-04-16,25.97,26.19,25.5,26.1,13.7933,48800
2002-04-17,26.19,26.19,25.39,25.47,13.4606,55900
2002-04-18,25.29,25.61,25.28,25.57,13.5132,132000
2002-04-19,25.64,25.8,25.29,25.41,13.4293,29900
2002-04-22,25.31,25.43,25.26,25.31,13.3759,36800
2002-04-23,25.33,25.9,25.32,25.6,13.5296,67000
2002-04-24,25.39,25.75,25.25,25.39,13.4182,33300
2002-04-25,25.27,25.52,24.95,25.02,13.222999999999999,109500
2002-04-26,25.3,25.619,25.3,25.5,13.4764,68800
2002-04-29,25.4,25.6,25.35,25.48,13.466,57700
2002-04-30,25.3,26.05,25.18,25.77,13.6191,113400
2002-05-01,26.05,26.2,25.42,25.73,13.597999999999999,52800
2002-05-02,25.79,26.11,25.26,25.82,13.6458,80300
2002-05-03,25.55,26.14,25.55,26.0,13.7407,52300
2002-05-06,26.08,26.3,25.89,25.94,13.7087,87000
2002-05-07,25.94,26.45,25.9,26.11,13.7989,154700
2002-05-08,26.1,26.43,26.1,26.4,13.9524,116400
2002-05-09,26.28,26.5,26.23,26.34,13.9204,167200
2002-05-10,26.44,26.449,26.2,26.28,13.8885,180600
2002-05-13,26.4,26.45,26.25,26.44,13.9733,78400
2002-05-14,26.45,27.07,26.45,26.9,14.2163,78800
2002-05-15,26.75,27.14,26.75,26.76,14.1422,83900
2002-05-16,26.7615,26.9,26.5,26.9,14.2163,54400
2002-05-17,26.9,26.95,26.61,26.8,14.1632,24500
2002-05-20,26.53,26.639,26.21,26.21,13.8517,87400
2002-05-21,26.2,26.35,25.99,26.09,13.7884,47400
2002-05-22,26.0,26.25,25.76,26.07,13.7776,85600
2002-05-23,26.09,26.1,25.8,25.99,13.7353,40400
2002-05-24,25.87,26.0,25.8,25.92,13.6983,33800
2002-05-28,25.865,26.0,25.69,25.87,13.6721,45000
2002-05-29,25.79,26.05,25.79,25.95,13.7941,36200
2002-05-30,26.0,26.11,25.8,26.1,13.8743,71700
2002-05-31,26.1,26.35,25.42,25.42,13.5124,59100
2002-06-03,25.73,25.9,25.5,25.79,13.7088,34700
2002-06-04,25.59,25.89,25.44,25.62,13.619000000000002,51600
2002-06-05,25.6,25.81,25.541,25.81,13.7195,16300
2002-06-06,25.55,25.81,25.4,25.4,13.5017,24000
2002-06-07,25.4,25.6,25.12,25.499000000000002,13.5543,40800
2002-06-10,25.35,25.69,25.34,25.41,13.5072,83200
2002-06-11,25.4,26.0,25.18,25.32,13.4591,129300
2002-06-12,25.48,25.59,25.25,25.44,13.523,62000
2002-06-13,25.57,25.57,25.25,25.29,13.4437,28100
2002-06-14,25.39,25.95,25.23,25.37,13.485999999999999,74700
2002-06-17,25.36,26.18,25.35,26.1,13.8743,274500
2002-06-18,26.2199,26.39,25.9,26.13,13.8899,44200
2002-06-19,26.13,26.44,26.0,26.0,13.8206,43700
2002-06-20,26.05,26.19,25.7,25.86,13.7466,23100
2002-06-21,25.8,26.189,25.5,25.73,13.6776,30800
2002-06-24,25.76,26.0,25.45,25.84,13.7358,36700
2002-06-25,25.7,26.09,25.35,25.55,13.5816,49500
2002-06-26,25.48,26.0,24.7,25.87,13.7513,99000
2002-06-27,26.0,26.5,25.56,26.19,13.9219,129700
2002-06-28,26.14,26.79,25.55,25.55,13.5816,150800
2002-07-01,25.55,26.15,25.36,25.61,13.6136,83000
2002-07-02,25.6,25.89,25.25,25.58,13.5977,65700
2002-07-03,25.351,25.59,25.05,25.14,13.364,69400
2002-07-05,25.15,25.6,25.15,25.58,13.5977,10300
2002-07-08,25.5,25.9,25.5,25.81,13.7195,29700
2002-07-09,25.9,25.97,25.46,25.49,13.5495,37700
2002-07-10,25.4,25.7,25.02,25.29,13.4437,163400
2002-07-11,25.0,25.3,24.37,24.37,12.9543,118300
2002-07-12,24.41,24.98,24.18,24.21,12.8695,88100
2002-07-15,24.2028,24.75,23.06,23.7,12.5984,188700
2002-07-16,23.69,24.96,23.52,24.45,12.9968,240000
2002-07-17,24.5,25.04,23.9,24.4,12.9702,64400
2002-07-18,24.4,24.49,23.97,24.11,12.8162,53800
2002-07-19,24.09,24.1,23.55,23.55,12.5188,52300
2002-07-22,23.54,24.0,23.25,23.39,12.4333,60300
2002-07-23,23.31,23.59,22.35,22.3699,11.8911,80200
2002-07-24,22.36,23.5,21.5,23.5,12.4918,93800
2002-07-25,23.5,24.0,23.26,23.61,12.5503,44901
2002-07-26,23.57,24.0,23.56,23.94,12.7259,44617
2002-07-29,23.75,24.9,23.74,24.87,13.2202,59800
2002-07-30,24.9,25.11,24.42,25.11,13.3477,213404
2002-07-31,24.88,26.0,24.8,25.66,13.6402,57200
2002-08-01,25.5,26.0,24.89,25.08,13.3318,95005
2002-08-02,24.89,25.06,24.59,24.59,13.0712,44992
2002-08-05,24.59,24.59,23.86,24.11,12.8162,35000
2002-08-06,23.86,24.95,23.82,24.84,13.2044,57300
2002-08-07,24.64,24.8,24.36,24.7,13.1297,25200
2002-08-08,24.52,25.219,24.4,25.11,13.3477,61100
2002-08-09,25.14,25.27,24.711,25.0,13.2893,67700
2002-08-12,25.0,25.16,24.61,25.05,13.3157,45400
2002-08-13,25.04,25.05,24.13,24.43,12.9859,64600
2002-08-14,24.16,25.2,24.16,25.2,13.3956,77200
2002-08-15,25.2,25.5,24.95,25.49,13.5495,24300
2002-08-16,25.29,25.359,24.75,25.2,13.3956,76600
2002-08-19,24.95,25.58,24.95,25.41,13.5072,56700
2002-08-20,25.6,25.6,25.1,25.28,13.4382,94700
2002-08-21,25.04,25.86,25.03,25.86,13.7466,99900
2002-08-22,25.89,25.89,25.6,25.73,13.6776,36600
2002-08-23,25.45,25.79,25.0,25.23,13.4114,36800
2002-08-26,25.0,25.45,24.87,25.34,13.4701,35104
2002-08-27,25.45,25.45,24.6,25.08,13.3318,79600
2002-08-28,25.24,25.24,24.4,24.61,13.1605,38700
2002-08-29,24.65,24.7,24.04,24.53,13.1179,70327
2002-08-30,24.45,24.99,24.21,24.83,13.2782,37200
2002-09-03,24.33,24.8,24.3,24.721,13.2201,89800
2002-09-04,24.75,25.12,24.69,25.04,13.3906,57200
2002-09-05,25.13,25.22,24.6,25.07,13.4067,72600
2002-09-06,24.9033,25.48,24.9,25.15,13.4492,78100
2002-09-09,25.01,25.22,24.66,25.04,13.3906,46200
2002-09-10,24.91,24.98,24.25,24.79,13.2571,27600
2002-09-11,24.93,25.25,24.55,24.56,13.134,17092
2002-09-12,24.56,24.56,23.8,23.89,12.7756,80000
2002-09-13,24.05,24.05,23.695,23.9,12.7811,46047
2002-09-16,23.95,23.95,23.34,23.74,12.6954,61100
2002-09-17,23.7495,23.89,23.5,23.58,12.6097,36000
2002-09-18,23.6,23.6,22.75,22.86,12.2246,115408
2002-09-19,23.0,23.0,22.311,22.311,11.9311,53100
2002-09-20,22.58,22.75,22.25,22.37,11.963,75800
2002-09-23,22.33,22.52,21.35,21.77,11.6417,135759
2002-09-24,21.6,22.15,21.29,21.91,11.7167,70700
2002-09-25,21.91,22.78,21.63,22.46,12.0109,63151
2002-09-26,22.45,23.1,22.0,22.76,12.1715,106456
2002-09-27,22.9,23.7,22.45,22.75,12.165999999999999,65700
2002-09-30,22.56,22.92,22.0,22.8,12.1927,62610
2002-10-01,22.93,23.5,22.77,23.46,12.5456,107500
2002-10-02,23.5,23.5,21.7,22.61,12.0912,104182
2002-10-03,22.77,22.9,21.83,22.12,11.8292,88400
2002-10-04,21.8,22.13,20.85,21.17,11.3212,113600
2002-10-07,20.9,21.5,20.6,21.09,11.2782,95600
2002-10-08,21.09,22.0,21.09,21.62,11.5614,34000
2002-10-09,21.51,21.72,20.36,20.49,10.9575,146999
2002-10-10,20.37,21.8,20.35,21.55,11.5245,76400
2002-10-11,21.41,22.83,21.41,22.2,11.8722,41139
2002-10-14,21.87,22.84,21.87,22.52,12.0432,42700
2002-10-15,22.6,24.09,22.5,23.54,12.5883,123200
2002-10-16,23.35,24.21,22.7,23.37,12.4976,70490
2002-10-17,23.37,24.3,23.16,24.3,12.9947,64500
2002-10-18,24.0,24.3,23.11,23.6,12.6208,69205
2002-10-21,23.6,23.85,23.03,23.768,12.7106,46600
2002-10-22,23.84,23.84,22.5,22.69,12.134,110593
2002-10-23,22.6,22.845,22.25,22.78,12.1817,48755
2002-10-24,22.41,23.0,22.38,22.55,12.0589,116240
2002-10-25,23.25,23.5,22.68,22.85,12.2196,91706
2002-10-28,22.98,22.98,22.24,22.43,11.9948,91800
2002-10-29,22.39,22.57,21.5,21.81,11.6637,172990
2002-10-30,21.9,22.05,21.54,21.72,11.6148,153371
2002-10-31,21.8,22.8,21.72,22.61,12.0912,207308
2002-11-01,22.61,23.35,22.61,23.35,12.487,82951
2002-11-04,23.4,23.5,22.58,22.81,12.1978,230018
2002-11-05,22.8,22.91,22.06,22.15,11.845,256805
2002-11-06,22.14,22.25,21.6,21.85,11.6849,153300
2002-11-07,21.65,21.89,21.4,21.4,11.4441,226214
2002-11-08,21.4,21.96,21.4,21.96,11.7435,117307
2002-11-11,21.72,21.82,21.36,21.4,11.4441,137633
2002-11-12,21.4,22.15,21.4,21.66,11.5832,178606
2002-11-13,21.58,22.32,21.57,21.99,11.7597,211869
2002-11-14,22.0,22.55,21.9909,22.53,12.0481,86700
2002-11-15,22.57,22.93,22.45,22.67,12.1231,140761
2002-11-18,22.81,23.06,22.5,22.54,12.0539,113112
2002-11-19,22.58,22.81,22.46,22.64,12.1071,147000
2002-11-20,22.62,23.049,22.0,23.049,12.3258,215543
2002-11-21,22.65,24.0,22.62,23.23,12.4227,95329
2002-11-22,23.16,23.43,22.93,23.09,12.3478,113800
2002-11-25,23.09,23.31,22.78,22.92,12.2569,153375
2002-11-26,23.0,23.07,22.7,22.8,12.2813,111477
2002-11-27,22.75,23.67,22.75,23.29,12.5451,59800
2002-11-29,23.0,23.57,22.965,22.97,12.3731,19716
2002-12-02,22.9,23.56,22.9,23.32,12.5611,94000
2002-12-03,23.32,23.8,22.761,23.01,12.3943,297825
2002-12-04,23.19,23.45,22.82,23.0,12.3889,109149
2002-12-05,23.2,23.2,22.9,23.0,12.3889,161700
2002-12-06,23.2,23.75,22.9,23.04,12.4104,57700
2002-12-09,23.05,23.11,22.89,22.89,12.3294,70697
2002-12-10,22.9,23.5,22.9,23.24,12.5184,112381
2002-12-11,23.55,23.7,23.05,23.33,12.5668,111963
2002-12-12,23.22,23.64,22.94,23.14,12.4644,71701
2002-12-13,23.4,23.55,23.01,23.18,12.4859,25400
2002-12-16,23.49,23.55,23.111,23.3,12.5504,76300
2002-12-17,23.52,23.549,23.15,23.26,12.529000000000002,45400
2002-12-18,23.18,23.2,23.01,23.11,12.4485,154223
2002-12-19,23.01,23.51,23.01,23.38,12.5935,119860
2002-12-20,23.55,23.83,23.11,23.75,12.7931,63700
2002-12-23,23.72,23.87,23.51,23.67,12.7498,78300
2002-12-24,23.48,23.78,23.32,23.58,12.7014,36267
2002-12-26,23.35,23.95,23.35,23.77,12.8036,46187
2002-12-27,23.54,23.81,23.33,23.33,12.5668,31500
2002-12-30,23.35,23.72,23.33,23.53,12.6745,37900
2002-12-31,23.49,24.02,23.35,23.8,12.8197,113656
2003-01-02,23.96,24.34,23.67,24.19,13.0294,59660
2003-01-03,24.18,24.35,24.1,24.23,13.0515,58482
2003-01-06,24.15,24.77,23.98,24.6,13.2506,156546
2003-01-07,24.45,24.8,24.4,24.6,13.2506,155537
2003-01-08,24.48,24.65,24.25,24.45,13.1698,75400
2003-01-09,24.67,24.75,24.45,24.62,13.2611,96898
2003-01-10,24.58,24.7,24.41,24.55,13.2238,35709
2003-01-13,24.69,24.79,24.49,24.75,13.3315,136588
2003-01-14,24.745,24.75,24.45,24.72,13.3152,63250
2003-01-15,24.56,24.67,24.27,24.37,13.1268,55274
2003-01-16,24.41,24.77,24.41,24.75,13.3315,140340
2003-01-17,24.75,24.75,24.36,24.67,13.2885,112502
2003-01-21,24.682,24.8,24.35,24.55,13.2238,251072
2003-01-22,24.56,24.72,24.18,24.39,13.1378,271260
2003-01-23,24.26,24.45,24.0,24.06,12.9598,341865
2003-01-24,24.03,24.03,23.48,23.49,12.6526,127776
2003-01-27,23.46,23.65,23.17,23.18,12.4859,167630
2003-01-28,23.3,23.55,23.23,23.4,12.6044,272668
2003-01-29,23.3,23.87,23.29,23.83,12.8358,164385
2003-01-30,23.61,23.81,23.43,23.63,12.7282,113865
2003-01-31,23.51,23.95,23.36,23.81,12.8251,126077
2003-02-03,23.8,23.8,23.7,23.74,12.7875,157194
2003-02-04,23.5,23.59,23.4,23.4109,12.6102,155171
2003-02-05,23.36,23.76,23.36,23.49,12.6526,54871
2003-02-06,23.36,23.69,23.36,23.51,12.6635,104057
2003-02-07,23.595,23.631,23.36,23.4,12.6044,46834
2003-02-10,23.34,23.65,23.26,23.55,12.685,65993
2003-02-11,23.66,23.66,23.3,23.45,12.6311,104662
2003-02-12,23.31,23.7,23.31,23.41,12.6096,50523
2003-02-13,23.55,23.6,23.3,23.49,12.6526,56701
2003-02-14,23.64,23.93,23.4109,23.85,12.8469,83936
2003-02-18,23.9,23.91,23.46,23.8,12.8197,173100
2003-02-19,23.74,23.74,23.46,23.511,12.6642,135038
2003-02-20,23.581999999999997,23.581999999999997,23.3,23.36,12.583,159800
2003-02-21,23.421999999999997,23.85,23.33,23.66,12.7445,169776
2003-02-24,23.651,23.651,23.21,23.42,12.6149,218684
2003-02-25,23.4,23.76,22.96,23.71,12.7715,169436
2003-02-26,23.49,23.6,23.302,23.589000000000002,12.7062,73299
2003-02-27,23.6,24.1,23.54,23.91,12.879000000000001,31112
2003-02-28,24.0,24.48,23.84,24.18,13.0244,86985
2003-03-03,24.28,24.42,23.541,23.64,12.7338,144283
2003-03-04,23.52,23.67,23.38,23.41,12.6982,52903
2003-03-05,23.35,23.83,23.35,23.7,12.8557,179597
2003-03-06,23.75,23.85,23.56,23.69,12.8499,203551
2003-03-07,23.74,23.86,23.55,23.65,12.8284,149337
2003-03-10,23.41,23.49,22.97,23.0,12.475999999999999,148435
2003-03-11,23.3,23.3,22.82,22.85,12.3947,81200
2003-03-12,23.01,23.01,22.56,22.74,12.3351,76024
2003-03-13,22.75,23.3,22.75,23.12,12.5412,147573
2003-03-14,23.21,23.84,23.0,23.58,12.7908,171522
2003-03-17,23.66,24.06,23.42,24.01,13.0238,110476
2003-03-18,24.02,24.02,23.72,23.8,12.91,65814
2003-03-19,23.97,24.13,23.44,23.85,12.9368,121150
2003-03-20,23.858,24.05,23.54,24.03,13.0348,86881
2003-03-21,23.99,24.39,23.7,24.39,13.2302,154149
2003-03-24,24.4,24.4,23.6,23.74,12.877,86983
2003-03-25,23.75,24.009,23.58,23.85,12.9368,78827
2003-03-26,23.87,24.26,23.54,23.82,12.9207,178457
2003-03-27,23.62,23.81,23.55,23.67,12.8392,38080
2003-03-28,23.83,23.85,23.59,23.83,12.9263,24645
2003-03-31,23.59,23.93,23.48,23.76,12.8884,96121
2003-04-01,23.54,23.93,23.54,23.8,12.91,58990
2003-04-02,23.9,24.37,23.9,24.3,13.181,41132
2003-04-03,24.17,24.25,23.71,23.87,12.9477,111700
2003-04-04,23.99,24.0,23.73,23.8,12.91,63930
2003-04-07,24.0,24.38,23.78,23.87,12.9477,80200
2003-04-08,24.12,24.45,23.75,24.06,13.0508,91793
2003-04-09,24.2,24.21,23.71,23.9,12.964,84900
2003-04-10,23.98,24.13,23.85,24.119,13.0829,53666
2003-04-11,24.01,24.39,23.94,23.99,13.0129,95700
2003-04-14,23.87,24.26,23.83,24.14,13.0946,63200
2003-04-15,24.15,24.23,23.95,24.0,13.0187,95798
2003-04-16,24.07,24.1,23.81,23.95,12.9912,184874
2003-04-17,24.07,24.07,23.72,23.81,12.9155,103600
2003-04-21,23.79,24.0,23.67,23.9,12.964,133275
2003-04-22,23.99,24.24,23.72,24.24,13.1488,65021
2003-04-23,24.19,24.5,24.01,24.410999999999998,13.2411,56200
2003-04-24,24.07,24.41,24.0,24.27,13.1648,53386
2003-04-25,24.39,24.39,23.92,24.07,13.0561,35872
2003-04-28,24.13,24.61,24.119,24.48,13.2786,61464
2003-04-29,24.32,25.0,24.25,24.91,13.5119,189500
2003-04-30,24.835,24.835,24.4,24.49,13.284,44279
2003-05-01,24.41,24.57,24.06,24.27,13.1648,129150
2003-05-02,24.47,25.24,24.38,25.05,13.5879,162688
2003-05-05,25.2,25.21,24.77,25.03,13.577,67950
2003-05-06,25.08,25.49,24.84,25.43,13.7938,141825
2003-05-07,25.48,25.49,25.3,25.38,13.767000000000001,113290
2003-05-08,25.11,25.44,25.11,25.21,13.6745,84755
2003-05-09,25.31,25.45,25.03,25.43,13.7938,103400
2003-05-12,25.46,25.88,25.27,25.83,14.0112,89100
2003-05-13,25.25,25.85,25.25,25.54,13.8536,167490
2003-05-14,25.410999999999998,25.521,25.33,25.39,13.7723,41430
2003-05-15,25.38,25.56,25.15,25.37,13.7618,170685
2003-05-16,25.36,25.83,25.23,25.68,13.9294,101400
2003-05-19,25.56,25.56,25.14,25.43,13.7938,46620
2003-05-20,25.38,25.64,25.31,25.37,13.7618,41150
2003-05-21,25.29,25.83,25.28,25.46,13.8104,79230
2003-05-22,25.46,25.56,25.38,25.42,13.7886,34600
2003-05-23,25.35,25.64,25.35,25.64,13.9078,31397
2003-05-27,25.51,25.87,25.29,25.81,14.0,48084
2003-05-28,25.41,25.74,25.41,25.63,13.9919,47282
2003-05-29,25.72,25.85,25.54,25.75,14.0574,52821
2003-05-30,25.71,26.29,25.71,26.2,14.3029,103052
2003-06-02,26.17,26.34,26.07,26.23,14.319,55920
2003-06-03,26.21,26.35,25.7,26.31,14.3632,75366
2003-06-04,26.3,26.9,26.07,26.9,14.6851,95622
2003-06-05,26.68,26.9,26.17,26.61,14.5271,78785
2003-06-06,26.96,27.0,26.531,26.589000000000002,14.5155,74880
2003-06-09,26.47,26.47,25.88,25.91,14.1448,67901
2003-06-10,25.88,26.39,25.87,26.39,14.4069,168437
2003-06-11,26.37,26.75,25.8,26.22,14.3143,155587
2003-06-12,26.04,26.44,26.04,26.32,14.3686,57070
2003-06-13,26.0,26.46,26.0,26.17,14.2869,46800
2003-06-16,26.27,26.59,26.24,26.58,14.5105,38270
2003-06-17,26.44,26.75,26.33,26.33,14.374,51200
2003-06-18,26.37,26.4,26.04,26.18,14.2924,61400
2003-06-19,26.0,26.17,25.76,25.87,14.1231,46047
2003-06-20,25.99,26.1,25.72,26.08,14.2375,58539
2003-06-23,25.820999999999998,26.03,25.74,25.84,14.1067,43041
2003-06-24,25.73,25.92,25.61,25.73,14.0465,45650
2003-06-25,25.77,26.05,25.67,25.72,14.0413,63371
2003-06-26,25.66,25.99,25.6,25.61,13.9812,182000
2003-06-27,25.56,25.75,25.28,25.4,13.8666,291953
2003-06-30,25.49,25.67,25.21,25.47,13.9047,206185
2003-07-01,25.38,25.82,25.03,25.77,14.0687,62500
2003-07-02,25.51,25.97,25.5,25.97,14.1781,85783
2003-07-03,25.89,25.94,25.39,25.86,14.1176,20857
2003-07-07,25.81,26.25,25.7,26.25,14.3307,126089
2003-07-08,26.06,26.45,25.95,26.44,14.4343,57250
2003-07-09,26.29,26.62,26.0,26.41,14.4178,75388
2003-07-10,26.38,26.63,26.12,26.59,14.5162,150200
2003-07-11,26.38,26.7,26.32,26.36,14.3904,73002
2003-07-14,26.5,26.95,26.41,26.85,14.6584,72072
2003-07-15,26.54,26.84,26.05,26.84,14.6522,147302
2003-07-16,26.48,27.32,26.48,27.32,14.9146,157880
2003-07-17,26.88,27.33,26.87,27.14,14.8164,201141
2003-07-18,27.08,27.37,26.95,27.37,14.9418,70360
2003-07-21,27.37,27.47,27.2,27.34,14.9255,92224
2003-07-22,27.1,27.559,27.1,27.46,14.9912,124626
2003-07-23,26.97,27.41,26.5,27.35,14.931,71433
2003-07-24,26.95,27.5,26.95,27.48,15.0017,48915
2003-07-25,27.55,27.55,27.1,27.32,14.9146,75628
2003-07-28,27.26,27.39,26.96,26.97,14.7236,117350
2003-07-29,27.1,27.1,26.55,27.09,14.7887,163947
2003-07-30,27.03,27.29,26.79,27.12,14.8053,56489
2003-07-31,27.12,27.27,26.96,27.11,14.8,42280
2003-08-01,27.17,27.17,26.45,26.72,14.5876,66300
2003-08-04,26.55,26.75,25.97,26.27,14.3415,62119
2003-08-05,26.15,26.45,26.03,26.22,14.3143,39376
2003-08-06,26.169,26.43,26.08,26.43,14.4286,23555
2003-08-07,26.02,26.35,26.02,26.35,14.3852,128000
2003-08-08,26.27,26.42,26.23,26.35,14.3852,9800
2003-08-11,26.09,26.41,26.09,26.12,14.2593,21000
2003-08-12,26.09,26.54,26.09,26.53,14.4831,107900
2003-08-13,26.65,26.65,26.15,26.36,14.3904,46048
2003-08-14,26.45,26.8,26.18,26.74,14.5982,46580
2003-08-15,26.65,26.65,26.47,26.6,14.5215,14200
2003-08-18,26.42,26.83,26.42,26.77,14.6144,20600
2003-08-19,26.8,26.89,26.43,26.89,14.6799,21697
2003-08-20,26.83,26.9,26.45,26.71,14.5816,35697
2003-08-21,26.9,27.03,26.86,26.89,14.6799,15342
2003-08-22,26.88,26.92,26.4,26.42,14.4233,16507
2003-08-25,26.42,26.63,26.4,26.63,14.5381,16966
2003-08-26,26.62,26.71,26.3,26.51,14.4726,27200
2003-08-27,26.49,26.57,26.18,26.35,14.4749,35486
2003-08-28,26.42,26.43,26.09,26.4,14.5027,63462
2003-08-29,26.44,26.48,26.21,26.28,14.4364,42869
2003-09-02,26.43,26.98,26.11,26.94,14.7992,42849
2003-09-03,26.83,27.13,26.83,27.05,14.8598,54009
2003-09-04,26.99,27.19,26.93,27.05,14.8598,26225
2003-09-05,27.04,27.19,27.0,27.17,14.9256,36344
2003-09-08,27.19,27.5,27.17,27.4,15.0515,45047
2003-09-09,27.439,27.439,26.79,27.05,14.8598,49196
2003-09-10,27.24,27.24,26.69,26.72,14.6781,87733
2003-09-11,26.75,27.22,26.75,27.19,14.9364,37919
2003-09-12,26.94,27.38,26.8,27.3,14.9969,31556
2003-09-15,27.31,27.37,27.19,27.25,14.9697,40714
2003-09-16,27.35,27.48,27.12,27.32,15.0081,47562
2003-09-17,27.4,27.56,27.19,27.55,15.1343,41786
2003-09-18,27.42,27.79,27.32,27.72,15.2277,51151
2003-09-19,27.8,28.0,27.5,28.0,15.3815,34026
2003-09-22,27.87,27.95,27.63,27.65,15.1896,37187
2003-09-23,27.98,27.98,27.32,27.5,15.107000000000001,103023
2003-09-24,27.43,27.55,27.16,27.32,15.0081,24659
2003-09-25,27.28,27.36,27.01,27.05,14.8598,33722
2003-09-26,27.0,27.19,26.86,26.86,14.7553,15160
2003-09-29,26.82,27.46,26.82,27.43,15.0683,46083
2003-09-30,27.33,27.46,27.13,27.13,14.9037,49555
2003-10-01,27.11,27.67,27.05,27.62,15.1729,68387
2003-10-02,27.56,28.0,27.5,27.9,15.3267,65775
2003-10-03,27.96,28.08,27.87,28.05,15.4088,45517
2003-10-06,27.91,28.09,27.86,28.09,15.4307,41602
2003-10-07,27.94,28.46,27.9,27.9,15.3267,42400
2003-10-08,27.85,28.07,27.85,27.94,15.3486,40101
2003-10-09,28.04,28.38,27.87,28.28,15.5358,59362
2003-10-10,27.91,28.35,27.86,28.25,15.519,57113
2003-10-13,28.14,28.38,28.09,28.25,15.519,36692
2003-10-14,28.25,28.69,28.06,28.58,15.7,105013
2003-10-15,28.27,28.58,28.1,28.31,15.552,63236
2003-10-16,28.39,28.39,28.16,28.26,15.5243,13900
2003-10-17,28.36,28.39,28.05,28.22,15.5025,19400
2003-10-20,28.1,28.36,28.01,28.16,15.4693,43813
2003-10-21,28.17,28.24,27.91,28.06,15.4143,14200
2003-10-22,28.1,28.32,27.97,28.11,15.4416,33400
2003-10-23,28.07,28.32,27.87,28.32,15.5572,27784
2003-10-24,27.99,28.099,27.79,28.099,15.4359,51893
2003-10-27,27.76,28.36,27.76,28.29,15.5405,52973
2003-10-28,28.05,28.67,28.05,28.65,15.7389,36847
2003-10-29,28.48,28.61,28.16,28.36,15.5793,127983
2003-10-30,28.42,28.49,28.28,28.45,15.6284,87008
2003-10-31,28.68,28.68,28.31,28.47,15.6397,69000
2003-11-03,28.69,28.7,28.46,28.61,15.7168,57488
2003-11-04,28.67,28.9,28.64,28.83,15.8378,120739
2003-11-05,28.72,29.1,28.69,29.02,15.9421,115456
2003-11-06,29.04,29.16,29.01,29.06,15.9636,79824
2003-11-07,29.18,29.33,29.16,29.22,16.0515,61796
2003-11-10,29.2,29.26,29.01,29.11,15.9918,23407
2003-11-11,28.97,29.22,28.97,29.06,15.9636,29878
2003-11-12,28.95,29.32,28.95,29.25,16.0682,58929
2003-11-13,29.31,29.4,29.26,29.29,16.0903,81369
2003-11-14,29.38,29.45,29.25,29.4,16.1507,58699
2003-11-17,29.29,29.29,28.6,28.91,15.8815,29855
2003-11-18,29.04,29.15,28.87,28.98,15.9197,53137
2003-11-19,29.12,29.36,28.76,29.32,16.1067,39662
2003-11-20,29.35,29.35,28.82,28.85,15.8485,41792
2003-11-21,28.8,29.14,28.75,29.0,15.9309,19048
2003-11-24,29.2,29.3,28.91,29.14,16.008,80551
2003-11-25,29.19,29.25,29.0,29.25,16.0682,94026
2003-11-26,29.16,29.54,29.16,29.26,16.1788,21879
2003-11-28,29.25,29.5,29.2,29.49,16.3061,17994
2003-12-01,29.5,29.6,29.2,29.57,16.3503,50587
2003-12-02,29.33,29.57,29.2,29.38,16.2449,29144
2003-12-03,29.18,29.36,28.94,29.0,16.0353,33622
2003-12-04,28.91,29.11,28.6,29.06,16.0682,24633
2003-12-05,28.85,29.23,28.42,28.58,15.8029,26090
2003-12-08,28.94,29.21,28.42,29.21,16.151,32422
2003-12-09,29.189,29.189,28.55,28.73,15.8856,24044
2003-12-10,29.15,29.37,28.62,28.89,15.9745,30374
2003-12-11,28.85,28.99,28.71,28.89,15.9745,19167
2003-12-12,29.0,29.14,28.65,29.04,16.0572,18508
2003-12-15,29.35,29.35,28.84,29.0,16.0353,50327
2003-12-16,29.13,29.15,28.69,28.93,15.9963,51287
2003-12-17,28.65,29.11,28.64,29.0,16.0353,52873
2003-12-18,28.93,29.07,28.71,28.8,15.9247,33503
2003-12-19,29.0,29.17,28.6,28.75,15.8968,36441
2003-12-22,28.95,29.22,28.81,29.04,16.0572,26283
2003-12-23,28.68,29.35,28.68,29.2,16.1454,28338
2003-12-24,29.29,29.31,29.07,29.31,16.2066,4414
2003-12-26,29.31,29.31,29.11,29.23,16.1624,3197
2003-12-29,29.35,30.0,29.19,29.31,16.2066,84813
2003-12-30,29.19,29.94,29.05,29.82,16.4884,125035
2003-12-31,29.65,29.91,29.27,29.27,16.1844,39376
2004-01-02,29.15,29.95,29.15,29.57,16.3503,39017
2004-01-05,29.68,29.79,29.27,29.7,16.4221,70475
2004-01-06,29.35,29.7,29.14,29.18,16.1346,37337
2004-01-07,29.24,29.62,29.14,29.5,16.3114,20753
2004-01-08,29.555,29.65,29.09,29.25,16.1733,51263
2004-01-09,29.169,29.25,29.01,29.16,16.1237,45969
2004-01-12,29.01,29.35,29.0,29.08,16.0791,59210
2004-01-13,28.97,29.09,28.53,28.64,15.8361,101018
2004-01-14,28.59,28.99,28.59,28.989,16.0292,78128
2004-01-15,28.97,29.32,28.79,29.25,16.1733,58573
2004-01-16,29.0,29.45,29.0,29.11,16.0957,43417
2004-01-20,29.35,29.74,29.3,29.63,16.3831,67323
2004-01-21,29.69,29.95,29.31,29.761,16.4561,61866
2004-01-22,29.98,30.1,29.91,30.0,16.5881,265511
2004-01-23,29.99,30.0,29.59,29.94,16.5547,65330
2004-01-26,29.52,30.04,29.52,30.0,16.5881,49764
2004-01-27,29.8,30.38,29.8,30.23,16.7155,83325
2004-01-28,30.3,30.33,29.28,29.51,16.317,115220
2004-01-29,29.15,29.9,29.15,29.9,16.5329,39289
2004-01-30,29.55,29.8,29.43,29.64,16.3892,49397
2004-02-02,29.66,29.79,29.33,29.51,16.317,26065
2004-02-03,29.2,29.739,29.2,29.66,16.4002,21800
2004-02-04,29.619,29.69,29.34,29.46,16.2894,42622
2004-02-05,29.2,29.5,29.2,29.45,16.2837,45029
2004-02-06,29.35,29.79,29.32,29.55,16.3392,95887
2004-02-09,29.81,30.1,29.61,30.039,16.6098,59078
2004-02-10,30.12,30.24,29.5,30.1,16.6434,107583
2004-02-11,30.0,30.29,29.96,30.29,16.7481,98739
2004-02-12,29.91,30.66,29.91,30.553,16.8936,60220
2004-02-13,30.43,30.6,30.11,30.11,16.6485,42856
2004-02-17,30.58,30.58,30.12,30.42,16.8203,22833
2004-02-18,30.311,30.6,30.311,30.6,16.9198,41830
2004-02-19,30.6,30.6,30.25,30.43,16.826,22694
2004-02-20,30.59,30.59,29.95,30.182,16.6888,42347
2004-02-23,30.31,30.43,30.15,30.15,16.6709,56750
2004-02-24,30.24,30.46,29.95,30.4,16.8093,61212
2004-02-25,30.46,30.574,30.03,30.54,16.8865,34662
2004-02-26,30.34,30.35,30.01,30.01,16.697,59398
2004-02-27,30.21,30.6,30.04,30.49,16.9645,55837
2004-03-01,30.2,30.46,30.2,30.29,16.8531,33476
2004-03-02,30.57,30.57,30.2,30.38,16.9033,38008
2004-03-03,30.3,30.34,30.01,30.2,16.8033,23457
2004-03-04,30.3,30.49,30.08,30.48,16.9585,58080
2004-03-05,30.18,30.6,30.18,30.52,16.9812,16417
2004-03-08,30.55,30.6,30.26,30.46,16.948,20110
2004-03-09,30.58,30.58,30.22,30.38,16.9033,23432
2004-03-10,30.6,30.73,30.16,30.23,16.82,45758
2004-03-11,30.335,30.42,30.04,30.04,16.7144,35023
2004-03-12,30.1,30.42,29.99,30.25,16.8307,49846
2004-03-15,30.35,30.35,29.82,29.98,16.6806,51160
2004-03-16,30.1,30.29,29.4,29.52,16.4249,59654
2004-03-17,29.71,29.88,29.36,29.68,16.5138,41044
2004-03-18,29.46,29.86,29.4,29.61,16.4748,28215
2004-03-19,29.61,29.91,29.55,29.69,16.5196,36879
2004-03-22,29.5,29.77,29.37,29.42,16.3692,55991
2004-03-23,29.6,29.79,29.36,29.41,16.3637,19766
2004-03-24,29.41,29.45,29.13,29.2,16.2468,46348
2004-03-25,29.18,29.4,28.58,29.25,16.2745,47453
2004-03-26,29.18,29.25,28.86,28.86,16.0576,80809
2004-03-29,28.85,29.39,28.85,29.19,16.2414,33460
2004-03-30,28.97,29.41,28.27,29.35,16.3303,91951
2004-03-31,29.28,29.35,29.02,29.02,16.1464,35240
2004-04-01,28.85,29.92,28.65,29.89,16.6308,75381
2004-04-02,29.95,29.98,29.74,29.85,16.6085,80302
2004-04-05,29.71,29.97,29.55,29.79,16.5751,119962
2004-04-06,29.99,29.99,29.54,29.84,16.6027,57155
2004-04-07,29.99,29.99,29.46,29.62,16.4807,46428
2004-04-08,29.6,29.64,29.2,29.25,16.2745,60851
2004-04-12,28.98,29.37,28.98,29.31,16.3082,36043
2004-04-13,28.98,29.29,28.65,28.72,15.9795,47130
2004-04-14,28.6,28.75,27.68,27.92,15.5348,48287
2004-04-15,27.92,28.06,27.68,27.75,15.4399,32268
2004-04-16,27.75,27.97,27.67,27.68,15.401,75035
2004-04-19,27.69,27.71,27.29,27.38,15.234000000000002,51046
2004-04-20,27.82,27.82,26.78,27.35,15.2174,92240
2004-04-21,27.1,27.19,26.87,27.0,15.023,46490
2004-04-22,27.0,27.15,26.88,27.1,15.0785,108904
2004-04-23,27.25,27.28,27.13,27.24,15.1558,145154
2004-04-26,27.24,27.37,27.24,27.32,15.2006,86386
2004-04-27,27.11,27.42,27.11,27.3,15.1898,102010
2004-04-28,27.09,27.22,26.91,26.95,14.9949,44353
2004-04-29,26.93,27.1,26.44,26.56,14.7775,74217
2004-04-30,26.5,26.78,26.5,26.64,14.8225,83217
2004-05-03,26.45,26.71,26.45,26.7,14.8557,66585
2004-05-04,26.63,26.83,26.48,26.68,14.8444,68931
2004-05-05,26.71,27.08,26.64,26.82,14.9227,87255
2004-05-06,26.77,26.93,26.58,26.69,14.8503,59145
2004-05-07,26.82,26.82,26.31,26.45,14.7167,94217
2004-05-10,26.38,26.7,26.11,26.14,14.5438,100876
2004-05-11,26.12,26.27,26.11,26.14,14.5438,46709
2004-05-12,26.14,26.27,25.89,26.1,14.5219,71327
2004-05-13,25.96,26.55,25.96,26.33,14.6499,90776
2004-05-14,26.2,26.45,26.2,26.36,14.6667,88617
2004-05-17,26.2,26.29,25.99,26.18,14.5662,24499
2004-05-18,26.32,26.66,26.2,26.66,14.8335,41325
2004-05-19,26.59,27.12,26.58,26.58,14.7887,43387
2004-05-20,26.57,26.82,26.49,26.8,14.9113,22245
2004-05-21,26.66,26.93,26.66,26.84,14.9336,43294
2004-05-24,27.02,27.14,26.7,27.12,15.0893,44686
2004-05-25,26.98,27.7,26.87,27.38,15.234000000000002,55244
2004-05-26,27.25,28.01,27.24,28.01,15.5847,36733
2004-05-27,28.06,28.09,27.48,27.62,15.4727,54732
2004-05-28,27.89,28.0,27.7,27.75,15.5454,57474
2004-06-01,27.68,28.17,27.55,27.96,15.663,96854
2004-06-02,27.87,28.08,27.85,28.08,15.7304,30581
2004-06-03,28.0,28.1,27.8,27.9,15.6294,47057
2004-06-04,28.17,28.18,27.87,28.1,15.7416,44135
2004-06-07,27.57,28.19,27.22,28.13,15.7586,61684
2004-06-08,27.77,28.17,27.77,28.02,15.6967,62906
2004-06-09,28.1,28.26,27.93,27.99,15.6798,79082
2004-06-10,28.28,28.3,27.92,28.0,15.6853,76152
2004-06-14,28.0,28.2,27.9,27.96,15.663,115437
2004-06-15,28.19,28.19,27.81,27.81,15.579,100830
2004-06-16,28.18,28.5,28.0,28.5,15.9657,83396
2004-06-17,28.01,28.92,28.01,28.84,16.1558,102461
2004-06-18,28.63,28.98,28.61,28.9,16.1898,106666
2004-06-21,28.56,29.05,28.56,28.9,16.1898,86132
2004-06-22,28.93,29.68,28.63,29.57,16.565,134126
2004-06-23,29.83,29.83,29.06,29.53,16.5427,94509
2004-06-24,29.3,29.72,29.28,29.62,16.593,88696
2004-06-25,28.85,28.89,28.25,28.34,15.876,1969941
2004-06-28,29.19,29.24,28.23,28.58,16.0101,227274
2004-06-29,28.63,28.92,28.29,28.82,16.1447,126432
2004-06-30,28.98,29.0,28.52,28.92,16.2011,61433
2004-07-01,28.85,28.89,28.25,28.34,15.876,77141
2004-07-02,28.45,28.6,28.25,28.4,15.9096,33788
2004-07-06,28.43,28.55,28.13,28.33,15.8702,76371
2004-07-07,28.13,29.0,28.13,28.71,16.0833,77938
2004-07-08,28.44,28.86,27.92,27.92,15.6405,96260
2004-07-09,28.3,28.3,27.93,28.07,15.7247,46135
2004-07-12,28.2,28.6,28.0,28.35,15.8816,72625
2004-07-13,28.0,28.72,28.0,28.53,15.9825,85450
2004-07-14,28.44,28.78,28.1,28.44,15.932,101971
2004-07-15,28.76,28.78,28.3,28.67,16.0608,77227
2004-07-16,28.7,28.7,28.18,28.53,15.9825,97774
2004-07-19,28.38,28.8,28.3,28.69,16.0719,73823
2004-07-20,28.58,29.27,28.47,29.05,16.2737,142283
2004-07-21,28.6,29.5,28.6,28.79,16.128,161110
2004-07-22,28.96,29.19,28.02,29.01,16.2513,280839
2004-07-23,28.9,29.11,28.76,28.89,16.1842,125916
2004-07-26,29.04,29.18,28.48,28.68,16.0661,121694
2004-07-27,28.6,29.39,28.41,29.08,16.2904,144068
2004-07-28,28.96,29.02,28.303,28.87,16.1726,106583
2004-07-29,28.63,29.15,28.43,28.92,16.2011,69009
2004-07-30,29.02,29.07,28.47,28.75,16.1057,58466
2004-08-02,28.56,28.87,28.16,28.69,16.0719,84231
2004-08-03,28.51,29.15,28.31,28.54,15.9879,118915
2004-08-04,28.29,28.96,28.19,28.71,16.0833,149817
2004-08-05,28.45,28.92,28.45,28.67,16.0608,128945
2004-08-06,28.5,28.81,28.23,28.33,15.8702,192694
2004-08-09,28.25,28.4,27.95,27.95,15.6574,52303
2004-08-10,27.97,29.0,27.965,28.7,16.0774,96938
2004-08-11,28.57,28.82,28.03,28.66,16.0555,76525
2004-08-12,28.22,28.66,27.97,28.44,15.932,58379
2004-08-13,28.67,28.79,28.22,28.52,15.977,27464
2004-08-16,28.82,29.18,28.71,29.04,16.2682,71820
2004-08-17,29.28,29.34,28.82,29.0,16.2454,78513
2004-08-18,28.84,29.57,28.72,29.57,16.565,73747
2004-08-19,29.69,29.74,29.3,29.32,16.425,62385
2004-08-20,29.51,30.0,29.29,30.0,16.8053,59759
2004-08-23,29.82,30.0,29.6,29.8,16.6939,95578
2004-08-24,29.97,30.24,29.83,30.24,16.9404,188868
2004-08-25,30.24,30.69,30.11,30.67,17.1811,127856
2004-08-26,30.59,30.71,29.92,30.01,16.8117,129341
2004-08-27,29.9,30.18,29.85,30.05,16.8338,83637
2004-08-30,30.04,30.04,29.62,29.73,16.7606,49589
2004-08-31,29.57,30.04,29.57,29.98,16.9015,98271
2004-09-01,30.0,30.57,29.69,30.03,16.9299,78954
2004-09-02,29.96,30.44,29.93,30.43,17.1547,45533
2004-09-03,30.74,30.84,30.01,30.11,16.9746,51723
2004-09-07,30.29,30.9,30.29,30.78,17.3527,77473
2004-09-08,30.72,31.0,30.27,30.41,17.1439,44828
2004-09-09,30.32,31.39,30.32,31.39,17.6963,79871
2004-09-10,31.49,31.5,30.91,31.34,17.6684,55959
2004-09-13,31.41,31.55,31.13,31.38,17.6909,42541
2004-09-14,31.41,31.56,30.75,31.09,17.5273,148019
2004-09-15,31.18,31.27,30.9,31.16,17.5666,132625
2004-09-16,31.15,31.66,31.06,31.52,17.7699,92279
2004-09-17,31.52,32.36,30.91,31.17,17.5726,171452
2004-09-20,31.17,31.39,30.94,31.15,17.5609,47235
2004-09-21,31.19,31.33,31.03,31.15,17.5609,86652
2004-09-22,30.95,30.95,30.33,30.44,17.160999999999998,100124
2004-09-23,30.59,30.89,30.34,30.39,17.1327,47731
2004-09-24,30.39,30.76,30.29,30.58,17.2398,51826
2004-09-27,30.56,30.56,30.04,30.06,16.9465,70698
2004-09-28,30.33,30.91,30.09,30.91,17.4262,45012
2004-09-29,30.7,31.18,30.65,31.18,17.5776,71091
2004-09-30,30.89,31.505,30.89,31.08,17.5216,71146
2004-10-01,31.05,32.43,31.05,32.36,18.2434,110327
2004-10-04,32.46,32.78,32.06,32.3,18.2099,69710
2004-10-05,32.03,32.39,31.6,31.78,17.9163,55654
2004-10-06,32.03,32.5,31.83,32.421,18.2776,44769
2004-10-07,32.29,32.38,31.77,31.87,17.967,35423
2004-10-08,31.64,32.11,31.55,31.58,17.8038,40066
2004-10-11,31.51,31.92,31.51,31.92,17.9953,14398
2004-10-12,31.64,32.0,31.44,31.87,17.967,64989
2004-10-13,31.95,32.19,31.37,31.37,17.6855,79577
2004-10-14,31.35,31.55,30.96,30.96,17.454,38170
2004-10-15,30.93,32.1,30.93,31.88,17.9727,66368
2004-10-18,31.82,32.1,31.31,31.88,17.9727,51940
2004-10-19,32.1,32.26,31.52,31.63,17.8318,63409
2004-10-20,30.9,32.08,30.82,32.02,18.0516,132179
2004-10-21,31.89,32.3,31.53,31.91,17.9898,89207
2004-10-22,31.63,32.08,30.93,30.99,17.4711,117762
2004-10-25,30.8,31.3,30.62,31.22,17.6007,141339
2004-10-26,31.22,31.36,30.63,31.36,17.6793,76097
2004-10-27,31.4,32.17,30.98,32.16,18.1303,70006
2004-10-28,31.77,31.98,31.61,31.98,18.0289,55326
2004-10-29,31.72,31.99,31.37,31.53,17.7752,87740
2004-11-01,31.48,31.7,31.21,31.7,17.871,119986
2004-11-02,31.49,31.6,30.86,31.0,17.4766,102677
2004-11-03,31.46,31.84,30.59,31.11,17.5386,303122
2004-11-04,30.82,31.23,30.05,31.23,17.6062,159357
2004-11-05,31.05,31.24,30.75,30.99,17.4711,63600
2004-11-08,30.26,31.03,30.26,30.61,17.2567,52563
2004-11-09,30.49,30.87,30.31,30.84,17.3863,64345
2004-11-10,30.87,31.02,30.65,30.81,17.3689,70280
2004-11-11,30.73,31.03,30.47,31.03,17.4934,78542
2004-11-12,30.25,31.26,30.25,31.156,17.5644,84740
2004-11-15,31.15,31.24,30.79,31.22,17.6007,124771
2004-11-16,30.86,31.05,30.36,30.44,17.160999999999998,48249
2004-11-17,30.64,31.04,30.48,30.76,17.3415,83192
2004-11-18,30.69,31.09,30.45,30.93,17.4371,81598
2004-11-19,30.54,30.99,30.27,30.27,17.0652,54670
2004-11-22,30.37,30.95,30.24,30.88,17.4091,65962
2004-11-23,31.16,31.21,30.32,31.0,17.4766,64494
2004-11-24,31.18,31.19,30.67,30.88,17.4091,90748
2004-11-26,30.95,31.08,30.68,30.78,17.3527,23101
2004-11-29,31.0,31.03,30.23,30.9,17.534000000000002,114708
2004-11-30,30.62,31.01,30.62,30.8,17.4773,65879
2004-12-01,31.0,31.77,30.8,31.75,18.0164,164031
2004-12-02,31.39,32.0,31.39,31.86,18.0791,78993
2004-12-03,31.75,31.79,30.81,31.08,17.6366,121725
2004-12-06,30.82,31.11,30.41,30.58,17.3527,71230
2004-12-07,30.53,30.56,29.52,29.53,16.7567,86858
2004-12-08,29.53,29.88,29.32,29.8,16.9101,110093
2004-12-09,29.75,29.86,29.12,29.49,16.7339,85107
2004-12-10,29.74,29.74,29.17,29.56,16.7735,123713
2004-12-13,29.75,30.24,29.4,30.24,17.1598,89646
2004-12-14,30.3,30.48,29.93,30.48,17.2958,65461
2004-12-15,30.52,30.99,30.38,30.99,17.5852,110230
2004-12-16,31.03,31.28,30.03,30.14,17.102999999999998,80122
2004-12-17,30.44,30.5,29.91,30.16,17.1144,107846
2004-12-20,30.0,30.33,29.5,30.31,17.1994,82819
2004-12-21,30.4,30.93,30.36,30.9,17.534000000000002,151313
2004-12-22,30.86,31.3,30.69,31.25,17.733,93546
2004-12-23,31.35,31.43,31.19,31.38,17.8063,54164
2004-12-27,31.24,31.5,30.95,31.29,17.7552,72874
2004-12-28,31.33,31.71,31.19,31.71,17.9938,50969
2004-12-29,31.12,31.58,31.12,31.35,17.7893,29028
2004-12-30,31.41,31.49,31.16,31.18,17.6929,34223
2004-12-31,31.7,31.7,30.82,31.07,17.6304,65362
2005-01-03,31.15,31.15,30.04,30.17,17.1197,190815
2005-01-04,30.27,30.62,29.74,29.87,16.9495,223838
2005-01-05,29.77,30.34,29.546999999999997,29.83,16.927,154268
2005-01-06,30.07,30.27,29.47,29.9,16.9669,65777
2005-01-07,29.79,30.0,29.35,29.35,16.6546,189051
2005-01-10,29.81,30.03,29.5,29.85,16.9383,104435
2005-01-11,29.78,30.03,29.32,29.66,16.8305,211848
2005-01-12,29.59,29.74,29.43,29.54,16.7624,165890
2005-01-13,29.87,30.08,29.02,29.13,16.5296,154637
2005-01-14,29.35,29.71,29.05,29.53,16.7567,105983
2005-01-18,29.37,29.9,29.28,29.83,16.927,107508
2005-01-19,28.46,28.96,27.16,27.21,15.4402,418603
2005-01-20,26.96,27.45,26.69,27.3,15.4913,427917
2005-01-21,27.47,27.88,27.35,27.44,15.5708,343488
2005-01-24,27.61,27.74,27.32,27.43,15.5652,192542
2005-01-25,27.55,27.7,27.28,27.37,15.5307,179320
2005-01-26,27.6,27.92,27.37,27.74,15.7412,284851
2005-01-27,27.75,27.81,27.51,27.65,15.6898,92744
2005-01-28,27.55,27.8,27.35,27.52,15.6162,174654
2005-01-31,27.74,27.85,27.61,27.67,15.7014,196897
2005-02-01,27.67,27.85,27.67,27.76,15.7524,119728
2005-02-02,27.7,27.84,27.62,27.77,15.7581,70498
2005-02-03,27.52,27.87,27.52,27.77,15.7581,98741
2005-02-04,27.65,27.86,27.65,27.86,15.809000000000001,78929
2005-02-07,27.89,28.19,27.79,28.04,15.9111,185732
2005-02-08,27.88,28.03,27.8,27.83,15.7918,166200
2005-02-09,27.98,28.18,27.24,27.66,15.6958,107818
2005-02-10,27.57,27.93,27.5,27.7,15.7186,96212
2005-02-11,27.64,28.13,27.43,27.96,15.8659,77880
2005-02-14,28.03,28.22,27.76,28.21,16.0079,86557
2005-02-15,28.14,28.24,27.75,27.95,15.8601,95716
2005-02-16,27.77,28.15,27.67,27.78,15.7638,147239
2005-02-17,27.75,27.87,27.51,27.59,15.6556,89736
2005-02-18,27.42,27.61,27.42,27.52,15.6162,97462
2005-02-22,27.37,27.53,26.75,26.83,15.2245,165366
2005-02-23,26.95,27.34,26.95,27.04,15.3439,89609
2005-02-24,26.9,27.53,26.9,27.49,15.5989,93545
2005-02-25,27.39,27.83,26.94,27.83,15.9077,100300
2005-02-28,27.8,27.8,27.13,27.52,15.7307,109008
2005-03-01,27.57,28.33,27.53,28.06,16.039,81436
2005-03-02,28.02,28.46,27.89,27.94,15.9707,84508
2005-03-03,28.19,28.22,27.71,28.1,16.0621,69755
2005-03-04,28.4,28.86,28.24,28.7,16.4051,104293
2005-03-07,28.88,29.41,28.73,28.91,16.5252,268139
2005-03-08,29.13,29.42,28.85,29.27,16.7308,215513
2005-03-09,29.49,29.49,28.74,28.775,16.4479,133687
2005-03-10,29.09,29.61,28.78,29.13,16.651,132586
2005-03-11,29.19,29.39,28.6,28.81,16.4679,88285
2005-03-14,28.98,29.3,28.65,29.06,16.611,94942
2005-03-15,29.33,29.7,29.07,29.16,16.668,127851
2005-03-16,29.29,29.35,28.21,28.35,16.2047,228941
2005-03-17,28.5,28.5,28.1,28.3,16.1769,124755
2005-03-18,28.39,28.45,27.56,28.4,16.2336,348282
2005-03-21,28.5,28.5,27.94,28.11,16.0676,81643
2005-03-22,27.97,29.08,27.86,28.01,16.0103,137324
2005-03-23,27.85,28.11,27.76,27.81,15.8961,95869
2005-03-24,28.09,28.22,27.79,27.79,15.8848,57903
2005-03-28,27.78,28.12,27.78,28.06,16.039,55849
2005-03-29,27.89,28.46,27.8,28.17,16.102,295106
2005-03-30,28.26,28.73,28.16,28.72,16.4166,190180
2005-03-31,28.75,29.0,28.5,29.0,16.5767,220993
2005-04-01,29.07,29.08,28.05,28.1,16.0621,165224
2005-04-04,28.06,28.79,27.94,28.52,16.3022,70370
2005-04-05,28.43,28.74,28.39,28.51,16.2964,53564
2005-04-06,28.73,29.12,28.53,29.1,16.6335,51191
2005-04-07,28.89,29.11,28.58,28.99,16.5707,47155
2005-04-08,28.8,29.0,28.03,28.03,16.0223,97813
2005-04-11,28.31,28.31,27.58,27.58,15.765,142129
2005-04-12,27.6,28.63,27.44,28.63,16.365,108766
2005-04-13,28.63,28.63,27.64,27.87,15.9305,105960
2005-04-14,27.73,27.92,27.25,27.25,15.5762,90443
2005-04-15,27.25,27.52,26.74,26.8,15.3191,79962
2005-04-18,27.11,27.59,26.83,27.36,15.6392,186046
2005-04-19,27.5,27.66,27.18,27.65,15.8048,110977
2005-04-20,27.67,27.82,26.8,26.85,15.3478,125582
2005-04-21,27.23,27.95,27.04,27.94,15.9707,186001
2005-04-22,27.64,28.0,27.09,27.31,15.6107,175063
2005-04-25,27.53,27.74,27.43,27.58,15.765,125229
2005-04-26,27.61,27.63,26.75,26.75,15.2907,168366
2005-04-27,26.76,27.45,26.71,27.37,15.6449,101058
2005-04-28,27.11,27.27,26.85,26.85,15.3478,100621
2005-04-29,27.14,27.55,26.78,27.52,15.7307,110517
2005-05-02,27.66,28.0,27.43,27.87,15.9305,86604
2005-05-03,27.97,28.14,27.27,27.37,15.6449,80666
2005-05-04,27.66,28.13,27.45,28.01,16.0103,84619
2005-05-05,28.09,28.09,27.44,27.81,15.8961,65156
2005-05-06,28.11,28.2,27.59,27.94,15.9707,87841
2005-05-09,27.9,28.28,27.41,28.28,16.1648,53688
2005-05-10,28.25,28.64,27.92,28.0,16.0052,197920
2005-05-11,28.2,28.41,27.81,28.39,16.2279,98875
2005-05-12,28.45,28.5,27.87,28.0,16.0052,149686
2005-05-13,28.21,28.28,27.76,27.99,15.9993,70003
2005-05-16,28.08,28.89,28.08,28.71,16.4109,69122
2005-05-17,28.46,29.03,28.27,28.74,16.4281,96020
2005-05-18,28.75,29.41,28.59,29.12,16.6453,124056
2005-05-19,29.12,29.4,28.8,29.05,16.6048,39550
2005-05-20,29.26,29.26,28.65,29.03,16.5937,21354
2005-05-23,29.04,29.22,28.95,29.02,16.5881,55152
2005-05-24,28.95,29.15,28.83,29.08,16.6223,85292
2005-05-25,28.85,28.912,28.34,28.37,16.2165,127127
2005-05-26,28.3,28.9,28.3,28.75,16.4334,42755
2005-05-27,28.8,28.8,28.44,28.67,16.5026,36214
2005-05-31,28.54,28.96,28.54,28.57,16.4452,74941
2005-06-01,28.38,29.15,28.38,29.15,16.779,80980
2005-06-02,29.1,29.1,28.55,28.72,16.5316,57771
2005-06-03,28.36,28.82,28.36,28.4,16.3472,71392
2005-06-06,28.4,28.91,28.26,28.78,16.5662,52109
2005-06-07,28.85,29.24,28.64,28.64,16.4853,78011
2005-06-08,28.51,29.11,28.5,28.57,16.4452,75372
2005-06-09,28.57,29.02,28.42,28.86,16.6122,58603
2005-06-10,29.0,29.0,28.28,28.34,16.3127,94176
2005-06-13,28.36,28.75,28.3,28.58,16.4509,52459
2005-06-14,28.65,29.15,28.4,29.15,16.779,84521
2005-06-15,29.33,29.33,28.66,28.97,16.6752,168738
2005-06-16,29.01,29.5,28.85,29.5,16.9804,97101
2005-06-17,29.5,29.59,29.33,29.41,16.9288,257152
2005-06-20,29.29,29.67,29.1,29.1,16.7501,129231
2005-06-21,29.0,29.31,28.73,28.91,16.6405,125107
2005-06-22,28.98,29.4,28.86,29.24,16.8307,61111
2005-06-23,29.17,29.24,28.37,28.49,16.3995,136405
2005-06-24,28.26,28.55,27.65,28.18,16.2208,171537
2005-06-27,27.93,28.15,27.93,28.05,16.1454,94417
2005-06-28,28.02,29.22,28.01,29.11,16.7558,119956
2005-06-29,28.93,29.31,28.82,29.31,16.8711,72385
2005-06-30,29.45,29.49,29.25,29.25,16.8367,107700
2005-07-01,29.31,29.42,28.91,29.4,16.9228,64076
2005-07-05,29.15,29.524,28.72,29.4,16.9228,87126
2005-07-06,29.5,29.5,29.12,29.39,16.9173,90201
2005-07-07,29.1,29.58,28.91,29.58,17.0265,110444
2005-07-08,29.47,30.45,29.37,30.34,17.4642,103009
2005-07-11,30.21,30.8,30.05,30.51,17.5618,198823
2005-07-12,30.46,30.72,30.09,30.22,17.395,78406
2005-07-13,30.22,30.34,30.03,30.27,17.4234,69161
2005-07-14,30.5,30.5,29.8,29.93,17.2282,79896
2005-07-15,29.51,29.99,29.49,29.85,17.1819,75915
2005-07-18,29.8,29.81,29.2,29.21,16.8135,112894
2005-07-19,29.47,29.77,29.27,29.65,17.0665,73243
2005-07-20,29.5,30.24,29.17,29.8,17.1533,123681
2005-07-21,29.83,30.08,28.82,28.97,16.6752,164455
2005-07-22,29.06,29.16,28.76,29.09,16.7444,138851
2005-07-25,29.1,29.1,28.02,28.23,16.2494,267056
2005-07-26,28.27,28.7,28.07,28.66,16.4968,222690
2005-07-27,28.8,28.8,28.22,28.6,16.4622,302634
2005-07-28,28.49,28.61,28.39,28.5,16.405,216232
2005-07-29,28.49,28.69,28.3,28.58,16.4509,269963
2005-08-01,28.63,28.9,28.44,28.77,16.5603,188550
2005-08-02,28.61,28.99,28.61,28.84,16.6004,136367
2005-08-03,28.78,28.84,28.59,28.73,16.537,70810
2005-08-04,28.6,28.73,28.16,28.33,16.307000000000002,102100
2005-08-05,28.11,28.36,27.71,27.75,15.9733,95022
2005-08-08,27.93,28.17,27.93,27.98,16.1056,89866
2005-08-09,27.95,28.37,27.95,28.21,16.2379,73332
2005-08-10,28.35,28.59,27.65,27.7,15.9444,212228
2005-08-11,27.68,28.33,27.662,27.96,16.0942,151079
2005-08-12,27.68,27.93,27.45,27.64,15.9098,189433
2005-08-15,27.5,27.96,27.36,27.95,16.0886,126709
2005-08-16,27.76,27.88,27.37,27.38,15.76,134158
2005-08-17,27.35,27.67,27.35,27.44,15.7948,66316
2005-08-18,27.29,27.62,27.26,27.45,15.8007,81777
2005-08-19,27.38,27.66,27.38,27.47,15.8123,49603
2005-08-22,27.45,27.93,27.45,27.93,16.0766,49464
2005-08-23,27.91,27.91,27.48,27.48,15.8176,75353
2005-08-24,27.46,28.0,27.46,27.61,15.8925,43513
2005-08-25,27.62,27.75,27.49,27.56,15.8637,59037
2005-08-26,27.57,27.57,26.63,26.88,15.4723,175382
2005-08-29,26.87,27.57,26.66,27.51,15.8352,87946
2005-08-30,27.49,27.49,26.99,27.2,15.7713,88053
2005-08-31,27.32,27.56,27.0,27.56,15.9798,172035
2005-09-01,27.46,27.57,27.19,27.35,15.8582,286561
2005-09-02,27.46,27.69,27.17,27.18,15.7595,178873
2005-09-06,27.3,28.37,27.04,28.36,16.4436,225768
2005-09-07,28.3,28.56,27.56,28.56,16.5599,220438
2005-09-08,28.29,28.6,28.26,28.39,16.4608,152833
2005-09-09,28.29,28.65,28.29,28.42,16.4787,56498
2005-09-12,28.59,28.8,28.22,28.52,16.5365,98542
2005-09-13,28.33,28.4,27.78,27.91,16.1828,91719
2005-09-14,28.18,28.24,27.67,27.68,16.0495,79321
2005-09-15,27.91,28.0,27.49,27.78,16.1075,95137
2005-09-16,27.95,28.81,27.63,28.73,16.6583,290856
2005-09-19,28.64,28.69,28.16,28.32,16.4205,73743
2005-09-20,28.3,28.75,27.67,27.92,16.1887,77815
2005-09-21,27.75,27.77,27.25,27.45,15.9165,128968
2005-09-22,27.42,27.68,26.76,27.4,15.887,132987
2005-09-23,27.33,27.85,27.15,27.69,16.0557,47501
2005-09-26,27.92,28.1,27.69,27.76,16.0957,80840
2005-09-27,28.04,28.22,27.66,27.84,16.1423,143005
2005-09-28,27.84,27.87,27.25,27.35,15.8582,80988
2005-09-29,27.31,27.76,27.02,27.76,16.0957,140010
2005-09-30,27.58,27.85,27.54,27.85,16.1482,50603
2005-10-03,27.82,27.82,27.48,27.66,16.0376,83228
2005-10-04,27.7,28.21,27.27,27.27,15.8121,84466
2005-10-05,27.15,27.35,26.09,26.17,15.1739,160191
2005-10-06,26.16,26.68,25.56,26.06,15.1103,154399
2005-10-07,26.15,26.25,25.87,26.06,15.1103,46789
2005-10-10,24.1,26.17,24.0,25.45,14.7567,339850
2005-10-11,25.53,25.53,24.94,24.96,14.4725,120166
2005-10-12,24.84,25.15,24.59,25.0,14.4959,134825
2005-10-13,24.88,24.97,24.13,24.7,14.3217,163766
2005-10-14,24.89,25.11,24.67,24.9,14.4374,237318
2005-10-17,24.93,24.93,24.4528,24.74,14.345,145204
2005-10-18,24.6,24.78,24.27,24.41,14.1534,104673
2005-10-19,24.25,25.92,24.16,25.92,15.0289,308820
2005-10-20,26.1,26.56,25.83,26.2,15.1909,259498
2005-10-21,26.1,27.05,26.1,26.87,15.58,165120
2005-10-24,26.96,27.34,26.78,27.34,15.8522,110516
2005-10-25,27.23,27.31,26.71,27.16,15.7479,183058
2005-10-26,27.01,27.97,27.01,27.4,15.887,98153
2005-10-27,27.33,27.57,27.03,27.09,15.7072,88995
2005-10-28,27.26,27.88,27.25,27.75,16.0902,189364
2005-10-31,27.82,28.55,27.82,28.04,16.2585,151198
2005-11-01,27.87,28.04,27.75,27.89,16.171,93200
2005-11-02,27.87,28.81,27.87,28.81,16.7047,104242
2005-11-03,29.0,29.0,28.31,28.39,16.4608,77414
2005-11-04,28.56,28.73,28.38,28.65,16.6121,74337
2005-11-07,28.75,29.19,28.39,28.95,16.7862,83783
2005-11-08,28.73,28.81,28.3,28.48,16.5134,58418
2005-11-09,28.6,29.33,28.35,29.09,16.8672,64432
2005-11-10,28.96,29.57,28.58,29.49,17.099,113556
2005-11-11,29.4,29.61,29.15,29.33,17.0066,78910
2005-11-14,28.6,28.65,27.53,28.59,16.5772,237035
2005-11-15,28.61,28.61,28.0,28.1,16.2929,402866
2005-11-16,28.22,28.32,27.99,28.17,16.3337,134717
2005-11-17,28.24,29.14,28.01,29.14,16.8961,96697
2005-11-18,29.49,29.49,29.0,29.14,16.8961,121476
2005-11-21,29.0,29.51,28.82,29.44,17.0699,73419
2005-11-22,29.39,29.6,29.0,29.37,17.0293,105482
2005-11-23,29.31,29.62,29.18,29.51,17.1103,54880
2005-11-25,29.38,29.66,29.23,29.42,17.0584,31566
2005-11-28,29.57,29.57,28.49,28.62,16.5946,183289
2005-11-29,28.5,28.8,28.39,28.58,16.694000000000003,92418
2005-11-30,28.59,28.91,28.35,28.6,16.7053,197548
2005-12-01,28.96,28.96,28.54,28.85,16.8517,161158
2005-12-02,28.77,29.23,28.56,29.2,17.0561,90080
2005-12-05,29.03,29.24,28.52,28.76,16.7989,66465
2005-12-06,28.98,29.28,28.77,28.88,16.8693,102636
2005-12-07,28.78,28.94,28.41,28.6,16.7053,74725
2005-12-08,28.49,29.09,28.41,28.79,16.8167,92566
2005-12-09,28.89,29.42,28.62,29.21,17.0619,92641
2005-12-12,29.47,29.49,28.88,29.06,16.9742,109701
2005-12-13,28.99,29.33,28.92,29.32,17.1264,167786
2005-12-14,29.45,29.83,29.28,29.45,17.2022,68594
2005-12-15,29.38,29.45,28.76,28.99,16.9335,94986
2005-12-16,29.46,29.5,28.94,29.17,17.0384,341296
2005-12-19,29.01,29.01,28.5,28.69,16.7579,88244
2005-12-20,28.53,28.67,28.15,28.25,16.5013,83226
2005-12-21,28.48,28.55,28.11,28.15,16.4428,81644
2005-12-22,28.1,28.35,27.92,28.17,16.4545,139953
2005-12-23,28.31,28.4,28.04,28.05,16.3842,64486
2005-12-27,27.96,28.19,27.9,28.01,16.361,133001
2005-12-28,28.22,28.22,27.86,28.04,16.3785,36273
2005-12-29,27.9,28.07,27.83,27.84,16.2617,137819
2005-12-30,27.75,27.8,27.36,27.47,16.0455,97643
2006-01-03,27.75,28.09,27.01,28.04,16.3785,129427
2006-01-04,27.89,28.25,27.82,28.1,16.4134,50278
2006-01-05,28.01,28.2,27.85,27.95,16.326,48743
2006-01-06,28.29,28.5,27.83,28.49,16.6413,71127
2006-01-09,28.56,28.89,28.325,28.7,16.7638,59747
2006-01-10,28.75,28.86,28.41,28.71,16.7697,86722
2006-01-11,28.68,28.84,28.51,28.79,16.8167,84561
2006-01-12,28.66,28.99,28.61,28.8,16.8222,90982
2006-01-13,28.93,28.99,28.39,28.4,16.5887,65440
2006-01-17,28.19,28.47,27.82,28.06,16.3902,79088
2006-01-18,27.63,27.94,27.41,27.65,16.1507,169266
2006-01-19,27.59,28.12,27.5,28.05,16.3842,70241
2006-01-20,28.18,28.39,27.85,28.07,16.3958,119374
2006-01-23,28.12,28.75,28.08,28.63,16.7227,78141
2006-01-24,28.9,29.47,28.6,29.34,17.1379,102082
2006-01-25,29.41,29.41,28.07,28.51,16.653,211607
2006-01-26,28.7,29.09,28.09,29.09,16.992,122856
2006-01-27,29.03,29.25,28.58,29.04,16.9627,73585
2006-01-30,28.91,28.95,28.42,28.46,16.6238,79893
2006-01-31,28.37,28.52,28.05,28.32,16.5422,108753
2006-02-01,28.1,28.4,28.1,28.33,16.5481,233070
2006-02-02,28.43,28.52,27.97,28.35,16.5598,220365
2006-02-03,28.09,29.19,28.09,28.72,16.7757,158746
2006-02-06,28.86,29.1,28.52,29.1,16.9977,46553
2006-02-07,29.0,29.23,28.89,29.04,16.9627,149654
2006-02-08,29.16,29.45,29.05,29.34,17.1379,209653
2006-02-09,29.45,29.55,29.27,29.43,17.1902,172008
2006-02-10,29.5,29.5,29.04,29.42,17.1845,85259
2006-02-13,29.31,29.59,29.17,29.38,17.1612,110252
2006-02-14,29.5,30.0,29.2,29.89,17.4589,124550
2006-02-15,29.865,30.0,29.58,29.68,17.3366,111652
2006-02-16,29.97,29.97,29.39,29.72,17.3597,153149
2006-02-17,29.9,29.9,29.2,29.38,17.1612,109870
2006-02-21,29.3,29.48,28.86,29.17,17.0384,107582
2006-02-22,29.09,29.97,29.09,29.83,17.4238,86296
2006-02-23,29.64,29.85,29.52,29.75,17.3775,125751
2006-02-24,29.6,29.91,29.5,29.8,17.4065,87680
2006-02-27,29.77,30.32,29.41,30.29,17.8185,159695
2006-02-28,30.21,30.31,30.13,30.15,17.7358,262762
2006-03-01,30.14,30.33,29.98,30.32,17.8363,267005
2006-03-02,30.21,30.38,30.16,30.32,17.8363,229805
2006-03-03,30.1,30.5,29.98,30.25,17.7948,127936
2006-03-06,30.16,30.5,29.99,30.23,17.7829,147266
2006-03-07,30.33,30.33,30.11,30.22,17.7774,89938
2006-03-08,30.04,30.45,30.04,30.2,17.7652,114418
2006-03-09,30.28,30.42,29.94,30.08,17.6949,64279
2006-03-10,30.2,30.6,30.09,30.5,17.9419,97112
2006-03-13,30.5,30.67,30.36,30.66,18.0356,137410
2006-03-14,30.7,30.86,30.12,30.8,18.1184,109412
2006-03-15,30.95,31.0,30.69,30.9,18.1773,87215
2006-03-16,30.9,31.0,30.79,30.94,18.2006,137981
2006-03-17,31.0,31.38,30.76,31.36,18.4476,464015
2006-03-20,31.25,31.55,31.15,31.37,18.4534,129417
2006-03-21,31.25,31.63,30.88,30.88,18.1653,149374
2006-03-22,30.95,31.47,30.73,31.3,18.4124,125730
2006-03-23,31.22,31.54,31.09,31.51,18.5361,101571
2006-03-24,31.58,31.74,31.49,31.74,18.6715,122178
2006-03-27,31.6,31.67,31.24,31.53,18.5479,121964
2006-03-28,31.42,31.62,31.12,31.49,18.5242,103763
2006-03-29,31.74,32.0,31.5,32.0,18.8243,87905
2006-03-30,31.97,31.97,31.35,31.5,18.53,209075
2006-03-31,31.66,31.73,31.34,31.64,18.6124,123166
2006-04-03,31.66,31.86,31.39,31.52,18.5417,73681
2006-04-04,31.57,31.97,31.5,31.65,18.6184,82853
2006-04-05,31.5,31.69,31.5,31.55,18.5597,103595
2006-04-06,31.44,31.82,31.15,31.8,18.7065,104601
2006-04-07,31.85,32.0,31.45,31.5,18.53,113997
2006-04-10,31.49,31.63,31.27,31.5,18.53,88179
2006-04-11,31.73,31.76,31.18,31.31,18.4184,102854
2006-04-12,31.23,31.56,31.15,31.56,18.5654,99777
2006-04-13,31.45,31.72,31.35,31.62,18.601,79851
2006-04-17,31.49,31.62,30.75,31.2,18.3537,101066
2006-04-18,31.36,32.11,31.13,32.08,18.871,108179
2006-04-19,32.16,32.25,31.56,32.0,18.8243,122020
2006-04-20,32.08,32.08,31.35,31.52,18.5417,95918
2006-04-21,31.71,31.88,30.99,31.26,18.3888,120918
2006-04-24,31.1,31.3,30.39,30.52,17.9535,118310
2006-04-25,30.52,30.84,30.41,30.75,18.0889,128379
2006-04-26,30.84,31.12,30.7,31.03,18.2536,117179
2006-04-27,30.85,31.62,30.46,31.08,18.2831,113050
2006-04-28,30.9,31.41,30.71,31.41,18.4772,106483
2006-05-01,31.47,31.6,30.9,30.93,18.1951,92832
2006-05-02,30.92,31.5,30.92,31.47,18.5125,76301
2006-05-03,31.3,31.8,31.22,31.52,18.5417,103195
2006-05-04,31.42,31.8,31.42,31.76,18.6834,53357
2006-05-05,31.86,32.13,31.65,31.84,18.7299,94597
2006-05-08,31.805,31.95,31.57,31.76,18.6834,76137
2006-05-09,31.65,31.71,31.38,31.47,18.5125,58516
2006-05-10,31.5,31.62,31.23,31.48,18.5183,65426
2006-05-11,31.39,31.5,30.62,30.64,18.0245,123754
2006-05-12,30.57,30.81,30.33,30.34,17.8475,140787
2006-05-15,30.14,30.99,30.05,30.83,18.1359,98609
2006-05-16,30.96,31.2,30.86,31.04,18.2597,70670
2006-05-17,30.7,31.0,30.44,30.46,17.9185,188774
2006-05-18,30.65,30.67,29.83,29.87,17.5714,169611
2006-05-19,29.76,30.21,29.68,29.96,17.6242,319098
2006-05-22,29.81,30.47,29.65,30.13,17.7241,273885
2006-05-23,30.33,30.55,29.78,29.78,17.5182,121277
2006-05-24,29.77,30.2,29.44,30.06,17.6828,217214
2006-05-25,30.4,30.64,30.15,30.64,18.0245,98391
2006-05-26,30.67,30.7,30.22,30.28,17.8125,144411
2006-05-30,30.13,30.14,29.51,29.64,17.5604,129793
2006-05-31,29.64,30.12,29.64,30.01,17.7795,147830
2006-06-01,29.87,31.04,29.87,31.03,18.3837,102801
2006-06-02,31.26,31.26,30.67,31.0,18.3662,84136
2006-06-05,30.82,30.9,29.81,29.91,17.7201,171313
2006-06-06,30.05,30.15,29.65,30.08,17.8208,158302
2006-06-07,30.14,30.67,29.96,30.33,17.969,86637
2006-06-08,30.1,31.11,29.72,30.97,18.3481,129977
2006-06-09,31.04,31.17,30.41,30.41,18.0166,74201
2006-06-12,30.39,30.48,29.86,30.18,17.8801,93774
2006-06-13,30.04,30.78,29.99,30.27,17.9333,125863
2006-06-14,30.38,30.49,29.88,30.22,17.9041,117256
2006-06-15,30.49,31.04,30.3601,30.97,18.3481,142394
2006-06-16,30.82,30.99,30.32,30.39,18.0046,597632
2006-06-19,30.27,30.39,29.92,29.92,17.7261,143868
2006-06-20,29.9,30.29,29.76,29.76,17.6313,86461
2006-06-21,29.74,30.3,29.74,29.98,17.7618,114853
2006-06-22,29.79,30.17,29.7,29.85,17.685,114915
2006-06-23,29.68,29.82,29.34,29.52,17.489,113698
2006-06-26,29.71,30.28,29.49,30.23,17.9099,86202
2006-06-27,30.33,30.39,29.54,29.63,17.5542,107349
2006-06-28,29.83,29.88,29.45,29.68,17.5843,83431
2006-06-29,29.93,30.805999999999997,29.87,30.78,18.236,178976
2006-06-30,30.96,31.13,30.69,30.97,18.3481,295614
2006-07-03,30.75,31.06,30.73,31.06,18.4016,55312
2006-07-05,30.73,31.2,30.33,30.62,18.1409,70351
2006-07-06,30.62,30.86,30.47,30.74,18.2121,36474
2006-07-07,30.59,30.71,29.91,29.94,17.7379,92404
2006-07-10,29.82,30.4,29.82,30.3,17.9516,57378
2006-07-11,30.18,30.18,29.48,29.9,17.7145,201934
2006-07-12,29.78,30.05,29.0,29.01,17.1871,217890
2006-07-13,29.13,29.25,28.36,28.45,16.8553,222913
2006-07-14,28.38,28.68,28.32,28.33,16.7841,309618
2006-07-17,28.31,28.7,28.31,28.49,16.8791,126222
2006-07-18,28.82,28.89,28.37,28.6,16.9442,236017
2006-07-19,29.13,30.33,28.79,30.14,17.8564,266325
2006-07-20,30.29,30.89,30.07,30.44,18.0344,202364
2006-07-21,30.25,30.89,29.93,30.61,18.1354,195396
2006-07-24,30.85,31.29,30.57,31.0,18.3662,174892
2006-07-25,31.0,31.22,30.44,30.98,18.3546,221364
2006-07-26,30.79,31.044,30.56,30.74,18.2121,205600
2006-07-27,30.98,31.4,30.78,30.78,18.236,177945
2006-07-28,31.07,31.941999999999997,31.01,31.59,18.7154,191234
2006-07-31,31.48,31.79,30.91,31.71,18.787,211203
2006-08-01,31.45,31.8,31.38,31.52,18.674,258085
2006-08-02,31.57,32.06,31.53,31.88,18.8876,201388
2006-08-03,31.6,32.32,31.6,32.23,19.0946,160233
2006-08-04,32.5,32.76,32.14,32.27,19.1186,326658
2006-08-07,32.06,32.45,32.04,32.16,19.0535,163757
2006-08-08,32.31,32.54,31.94,32.02,18.9706,216596
2006-08-09,32.36,32.54,31.62,31.76,18.8164,201086
2006-08-10,31.63,32.49,31.6,32.27,19.1186,188951
2006-08-11,32.13,32.25,31.76,31.89,18.8937,54305
2006-08-14,32.09,32.44,31.74,31.79,18.8341,102666
2006-08-15,32.3,32.49,32.2,32.48,19.2433,119846
2006-08-16,32.64,32.71,32.16,32.49,19.2488,131312
2006-08-17,32.32,32.78,32.25,32.6,19.3141,141975
2006-08-18,32.77,32.77,32.18,32.46,19.2309,107831
2006-08-21,32.17,32.41,31.91,32.02,18.9706,124655
2006-08-22,31.91,32.4,31.75,32.38,19.1837,126052
2006-08-23,32.47,32.47,31.45,31.6,18.7216,129151
2006-08-24,31.73,31.92,31.56,31.62,18.7334,153754
2006-08-25,31.45,31.96,31.4,31.59,18.7154,59422
2006-08-28,31.78,32.13,31.59,32.06,18.9942,99170
2006-08-29,32.14,32.19,31.37,32.15,19.0472,235846
2006-08-30,32.1,32.23,31.71,31.78,18.9517,178241
2006-08-31,31.93,31.93,31.38,31.57,18.8269,298052
2006-09-01,31.75,31.75,31.45,31.6,18.8446,79994
2006-09-05,31.31,31.86,31.31,31.83,18.982,163402
2006-09-06,31.56,31.6,31.3,31.38,18.7135,134147
2006-09-07,31.24,31.68,31.12,31.14,18.5701,189793
2006-09-08,31.16,31.25,30.93,31.1,18.5465,121655
2006-09-11,30.91,31.36,30.85,31.36,18.7014,206562
2006-09-12,31.19,31.95,31.19,31.89,19.0175,153050
2006-09-13,31.99,32.13,31.72,32.08,19.1307,142849
2006-09-14,31.91,32.03,31.58,31.83,18.982,153172
2006-09-15,32.07,32.3,31.91,32.17,19.1846,408154
2006-09-18,31.99,32.21,31.95,32.0,19.0832,164098
2006-09-19,32.13,32.24,31.3,31.79,18.9582,223901
2006-09-20,31.99,32.46,31.92,32.39,19.316,165123
2006-09-21,32.4,32.49,31.99,32.08,19.1307,244820
2006-09-22,31.88,32.1,31.48,31.85,18.9938,146754
2006-09-25,31.95,32.23,31.67,32.17,19.1846,154089
2006-09-26,32.05,32.3175,31.41,32.07,19.1249,190612
2006-09-27,31.88,32.17,31.79,32.05,19.1131,160136
2006-09-28,32.17,32.35,31.97,32.2,19.2024,144099
2006-09-29,32.31,32.4,31.4,31.43,18.7433,206258
2006-10-02,31.32,31.57,30.9,31.18,18.5939,133841
2006-10-03,31.03,31.61,30.97,31.22,18.6182,86399
2006-10-04,31.09,32.04,31.09,32.03,19.1014,118005
2006-10-05,32.03,32.33,31.79,32.33,19.2801,104922
2006-10-06,32.1,32.17,31.48,31.8,18.9635,123748
2006-10-09,31.84,32.06,31.51,32.05,19.1131,59088
2006-10-10,32.17,32.17,31.7,31.96,19.0591,67254
2006-10-11,31.88,31.9101,31.4,31.63,18.8624,106246
2006-10-12,31.81,32.46,31.78,32.43,19.3397,149881
2006-10-13,32.5,32.67,32.29,32.6,19.4411,148009
2006-10-16,32.63,32.84,32.35,32.6,19.4411,167822
2006-10-17,32.28,32.56,32.05,32.11,19.1485,176342
2006-10-18,32.15,32.21,31.54,31.84,18.9878,191544
2006-10-19,31.73,32.31,31.56,32.15,19.1724,249492
2006-10-20,32.34,32.34,31.41,31.68,18.8924,190773
2006-10-23,31.47,31.93,31.2,31.4,18.7255,245640
2006-10-24,31.37,31.45,31.14,31.36,18.7014,138375
2006-10-25,31.46,31.73,31.16,31.56,18.8206,98903
2006-10-26,31.79,32.22,31.42,32.2,19.2024,122159
2006-10-27,32.01,32.12,31.46,31.56,18.8206,124959
2006-10-30,31.48,32.02,31.31,31.91,19.0295,92859
2006-10-31,31.81,31.98,31.59,31.66,18.8804,124094
2006-11-01,31.55,31.83,31.05,31.07,18.5285,134997
2006-11-02,31.05,31.19,30.84,30.91,18.4333,111059
2006-11-03,31.03,31.29,30.84,31.07,18.5285,82550
2006-11-06,31.25,31.57,31.2,31.28,18.654,111350
2006-11-07,31.35,31.95,31.29,31.47,18.7672,103966
2006-11-08,31.17,31.78,31.12,31.75,18.9341,108189
2006-11-09,31.8,31.8,31.41,31.6,18.8446,109254
2006-11-10,31.51,31.95,31.51,31.95,19.0535,122614
2006-11-13,31.83,32.25,31.83,32.18,19.1905,107163
2006-11-14,32.25,32.51,32.07,32.5,19.3812,281462
2006-11-15,32.57,32.86,32.46,32.68,19.4889,174796
2006-11-16,32.82,33.06,32.62,33.03,19.6977,82828
2006-11-17,33.03,33.03,32.58,32.82,19.5722,100217
2006-11-20,32.81,33.1,32.57,33.03,19.6977,142117
2006-11-21,33.11,33.2,32.84,33.18,19.7867,126705
2006-11-22,33.27,33.3,32.75,32.78,19.5482,57003
2006-11-24,32.63,32.99,32.58,32.81,19.5663,20981
2006-11-27,32.765,32.765,32.0379,32.2,19.2024,253427
2006-11-28,32.18,32.48,31.95,32.27,19.2443,267780
2006-11-29,32.24,32.62,32.11,32.54,19.5383,131805
2006-11-30,32.56,32.69,32.24,32.56,19.5505,237142
2006-12-01,32.49,32.62,32.07,32.44,19.4785,249525
2006-12-04,32.54,33.25,32.5,33.23,19.9525,105401
2006-12-05,33.4,33.42,33.04,33.3,19.9946,185344
2006-12-06,33.305,33.305,32.7,32.8,19.6948,108378
2006-12-07,32.96,33.06,32.53,32.57,19.5563,83925
2006-12-08,32.42,32.65,32.23,32.42,19.4663,80429
2006-12-11,32.28,32.65,32.2448,32.54,19.5383,49420
2006-12-12,32.66,32.75,32.35,32.68,19.6225,79388
2006-12-13,32.94,32.95,32.52,32.75,19.6646,90578
2006-12-14,32.76,33.03,32.7,32.79,19.6887,150995
2006-12-15,32.81,32.95,32.68,32.79,19.6887,222837
2006-12-18,32.67,32.97,32.18,32.4,19.4542,182508
2006-12-19,32.19,32.66,32.0,32.55,19.5445,76142
2006-12-20,32.64,32.84,32.536,32.6,19.5745,65482
2006-12-21,32.7,32.94,32.37,32.57,19.5563,129418
2006-12-22,32.63,32.64,32.39,32.5,19.5143,42423
2006-12-26,32.41,33.0,32.41,32.97,19.7968,104993
2006-12-27,33.0,33.47,32.78,33.45,20.0849,235385
2006-12-28,33.24,33.61,33.19,33.27,19.9768,105931
2006-12-29,33.35,33.46,32.67,32.71,19.6403,157911
2007-01-03,32.85,33.69,32.67,33.16,19.9107,171147
2007-01-04,33.17,33.44,32.67,33.32,20.0064,124164
2007-01-05,33.09,33.29,31.84,31.85,19.1239,382822
2007-01-08,31.99,32.22,31.59,32.14,19.298,162795
2007-01-09,32.11,32.27,31.84,32.19,19.3282,143930
2007-01-10,31.94,32.17,31.798000000000002,31.92,19.1662,141542
2007-01-11,31.8,32.35,31.55,32.23,19.3523,182663
2007-01-12,32.15,32.34,31.81,32.05,19.2443,149705
2007-01-16,31.99,32.28,31.19,31.3,18.7942,225160
2007-01-17,31.31,31.31,29.85,30.02,18.0252,587858
2007-01-18,30.0,30.09,29.21,29.76,17.8695,654267
2007-01-19,29.755,29.97,29.25,29.78,17.8809,293868
2007-01-22,29.72,29.75,29.36,29.53,17.7312,316170
2007-01-23,29.44,29.75,29.15,29.52,17.7253,346748
2007-01-24,29.5,29.9,29.4,29.74,17.8569,302809
2007-01-25,29.71,29.77,29.14,29.31,17.5992,277918
2007-01-26,29.37,29.43,29.1,29.36,17.6289,300468
2007-01-29,29.23,29.45,29.06,29.29,17.587,223512
2007-01-30,29.3,29.49,29.2,29.46,17.6891,143801
2007-01-31,29.33,29.66,29.1,29.46,17.6891,193233
2007-02-01,29.61,29.69,29.3,29.55,17.7431,165506
2007-02-02,29.65,29.8,29.44,29.78,17.8809,147738
2007-02-05,29.85,29.85,29.22,29.29,17.587,214301
2007-02-06,29.43,29.69,29.15,29.65,17.8033,162334
2007-02-07,29.69,29.99,29.48,29.93,17.9714,137219
2007-02-08,29.82,29.95,29.73,29.9,17.953,74839
2007-02-09,29.85,29.92,29.61,29.65,17.8033,206088
2007-02-12,29.63,29.82,29.53,29.69,17.8272,115945
2007-02-13,29.82,29.93,29.65,29.92,17.9652,196039
2007-02-14,29.99,30.11,29.73,29.81,17.8994,136850
2007-02-15,29.89,29.97,29.52,29.86,17.9293,165096
2007-02-16,29.86,30.06,29.7,29.99,18.0073,127074
2007-02-20,29.97,30.09,29.5,30.02,18.0252,136395
2007-02-21,29.92,30.06,29.81,30.06,18.049,73211
2007-02-22,30.09,30.13,29.65,30.06,18.049,174158
2007-02-23,29.96,30.02,29.5,29.68,17.820999999999998,122889
2007-02-26,29.68,29.69,29.33,29.69,17.8272,237844
2007-02-27,29.19,29.41,28.62,28.68,17.3494,315476
2007-02-28,28.76,29.03,28.52,28.6,17.3009,230593
2007-03-01,28.2,29.1,28.01,28.88,17.4704,335532
2007-03-02,28.66,28.88,28.27,28.29,17.1134,194260
2007-03-05,28.06,28.4,27.49,27.53,16.6537,263272
2007-03-06,27.61,28.58,27.61,28.5,17.2402,194574
2007-03-07,28.5,28.58,28.0,28.03,16.9562,146321
2007-03-08,28.25,28.57,28.06,28.19,17.0527,188237
2007-03-09,28.65,28.65,28.2,28.22,17.0712,112413
2007-03-12,28.27,28.51,28.11,28.41,17.1862,112544
2007-03-13,28.16,28.16,27.054000000000002,27.12,16.4056,326191
2007-03-14,27.16,27.67,26.85,27.65,16.7261,278144
2007-03-15,27.68,28.1,27.56,28.08,16.9861,226370
2007-03-16,28.06,28.15,27.72,27.81,16.8227,401338
2007-03-19,27.88,28.38,27.83,28.21,17.0651,191582
2007-03-20,28.14,28.54,28.06,28.51,17.2462,119325
2007-03-21,28.53,29.2,28.38,29.05,17.5732,518374
2007-03-22,29.05,29.08,28.73,28.86,17.4583,108912
2007-03-23,28.95,28.95,28.72,28.82,17.434,147203
2007-03-26,28.91,28.96,28.41,28.82,17.434,149118
2007-03-27,28.76,28.76,28.37,28.43,17.1981,75901
2007-03-28,28.28,28.43,27.99,28.08,16.9861,420549
2007-03-29,28.32,28.55,27.84,28.21,17.0651,106157
2007-03-30,28.25,28.45,27.84,28.04,16.9621,207750
2007-04-02,28.15,28.15,27.61,27.78,16.8048,141508
2007-04-03,27.8,28.23,27.78,27.99,16.9319,178912
2007-04-04,27.99,28.04,27.5,27.68,16.7441,177210
2007-04-05,27.62,27.76,27.57,27.65,16.7261,144860
2007-04-09,27.7,27.79,27.49,27.63,16.7144,144097
2007-04-10,27.54,27.9,27.48,27.8,16.817,140409
2007-04-11,27.75,27.8,27.3,27.37,16.5568,293646
2007-04-12,27.35,27.64,27.03,27.62,16.7081,170935
2007-04-13,27.58,27.89,27.58,27.89,16.8713,525838
2007-04-16,27.85,28.72,27.85,28.67,17.3428,374226
2007-04-17,28.57,28.76,28.47,28.55,17.2708,215109
2007-04-18,28.49,28.49,27.76,27.79,16.8109,299305
2007-04-19,27.93,27.93,26.85,27.13,16.4116,381778
2007-04-20,27.54,27.54,27.02,27.3,16.5143,221707
2007-04-23,27.19,27.42,26.86,26.99,16.3269,177637
2007-04-24,27.1,27.55,26.82,26.87,16.2542,255648
2007-04-25,26.99,27.35,26.86,27.21,16.4598,236233
2007-04-26,27.14,27.4,26.88,27.23,16.4719,173762
2007-04-27,27.12,27.27,27.01,27.18,16.4419,123789
2007-04-30,27.17,27.2,26.59,26.61,16.097,194342
2007-05-01,26.65,26.85,26.51,26.83,16.2304,139742
2007-05-02,26.79,27.16,26.66,27.07,16.3753,100669
2007-05-03,27.12,27.32,27.05,27.2,16.4541,90136
2007-05-04,27.27,27.55,27.15,27.39,16.5688,147314
2007-05-07,27.42,27.65,27.31,27.38,16.5628,87012
2007-05-08,27.26,27.28,26.88,27.24,16.4784,101094
2007-05-09,27.02,27.55,26.99,27.38,16.5628,120742
2007-05-10,27.15,27.19,26.64,26.66,16.1274,406629
2007-05-11,27.0,27.27,26.795,27.11,16.3997,247583
2007-05-14,27.04,27.13,26.64,26.71,16.1573,209917
2007-05-15,26.65,26.94,26.32,26.35,15.9397,263640
2007-05-16,26.49,26.8,26.261999999999997,26.8,16.2122,195799
2007-05-17,26.68,26.92,26.42,26.49,16.0242,153998
2007-05-18,26.51,26.62,26.3,26.55,16.0608,171137
2007-05-21,26.57,26.92,26.41,26.77,16.1939,146039
2007-05-22,26.7,27.131999999999998,26.66,26.96,16.3092,150573
2007-05-23,26.95,27.22,26.79,26.84,16.2363,153970
2007-05-24,26.77,27.04,26.49,26.6,16.0908,202386
2007-05-25,26.66,26.75,26.39,26.7,16.1513,179247
2007-05-29,27.01,27.22,26.9,27.07,16.3753,342960
2007-05-30,26.82,27.0,26.62,26.75,16.3143,575291
2007-05-31,26.84,26.93,26.68,26.92,16.418,380407
2007-06-01,26.95,27.34,26.82,27.14,16.5521,476775
2007-06-04,27.06,27.16,26.85,27.16,16.5641,137304
2007-06-05,26.97,27.15,26.36,26.69,16.2777,216993
2007-06-06,26.45,26.54,26.32,26.39,16.0948,155797
2007-06-07,26.21,26.38,25.76,25.91,15.802,174932
2007-06-08,25.87,26.48,25.87,26.44,16.1254,124409
2007-06-11,26.33,26.55,26.25,26.32,16.0518,175065
2007-06-12,26.26,26.49,25.91,25.97,15.8387,208162
2007-06-13,26.01,26.38,25.77,26.21,15.9847,199143
2007-06-14,26.22,26.43,25.99,26.03,15.875,238987
2007-06-15,26.44,26.48,26.15,26.39,16.0948,374118
2007-06-18,26.41,26.41,26.1301,26.22,15.9914,118837
2007-06-19,26.03,26.37,25.96,26.3,16.0397,144414
2007-06-20,26.34,26.5,25.86,25.93,15.8145,121900
2007-06-21,25.76,25.94,25.5,25.6,15.6125,211968
2007-06-22,25.5,25.67,25.19,25.36,15.4666,460116
2007-06-25,25.27,25.71,25.17,25.27,15.4119,159574
2007-06-26,25.41,25.63,25.23,25.49,15.5457,181866
2007-06-27,25.24,25.982,25.04,25.96,15.8322,190133
2007-06-28,26.0,26.54,25.79,26.08,15.9059,223057
2007-06-29,26.24,26.24,25.78,25.86,15.7717,229774
2007-07-02,26.02,26.3,26.01,26.15,15.9485,136346
2007-07-03,26.18,26.37,26.16,26.23,15.9969,86459
2007-07-05,26.2,26.37,25.96,26.09,15.9118,120863
2007-07-06,26.18,26.26,25.92,26.14,15.9424,181505
2007-07-09,26.22,26.22,25.8,25.94,15.8203,200333
2007-07-10,25.89,25.89,25.25,25.28,15.4179,277339
2007-07-11,25.33,25.44,25.07,25.25,15.3995,216869
2007-07-12,25.36,25.86,25.25,25.81,15.7412,152714
2007-07-13,25.8,25.8,25.61,25.66,15.6497,105766
2007-07-16,25.63,25.73,25.33,25.39,15.4848,196328
2007-07-17,25.41,25.59,25.2,25.2,15.369000000000002,163976
2007-07-18,25.8,26.93,25.49,26.43,16.1189,1058577
2007-07-19,26.65,27.82,26.65,27.77,16.9362,695850
2007-07-20,27.71,27.78,26.37,26.66,16.2593,369194
2007-07-23,26.75,26.97,26.49,26.79,16.3388,254179
2007-07-24,26.68,26.68,25.65,25.87,15.7776,300695
2007-07-25,26.01,26.58,25.67,26.13,15.9362,329553
2007-07-26,25.69,26.0,24.9,25.46,15.5277,402402
2007-07-27,25.33,25.73,24.95,25.13,15.3265,364598
2007-07-30,25.17,25.61,24.68,25.35,15.4605,304108
2007-07-31,25.55,25.81,24.99,25.03,15.2656,276294
2007-08-01,25.0,25.4,24.3,25.25,15.3995,345263
2007-08-02,25.08,25.81,25.08,25.46,15.5277,236636
2007-08-03,25.5,25.78,24.2,24.31,14.8262,402249
2007-08-06,24.48,25.67,24.13,25.61,15.6189,349843
2007-08-07,25.46,26.05,24.8301,25.63,15.6316,399171
2007-08-08,25.92,26.75,24.73,25.78,15.7224,625594
2007-08-09,25.4,25.58,24.5,24.96,15.2226,621299
2007-08-10,24.68,26.59,24.57,26.15,15.9485,465023
2007-08-13,26.59,26.59,25.25,25.38,15.479000000000001,302765
2007-08-14,25.54,25.61,24.91,24.91,15.1916,85662
2007-08-15,24.97,25.98,24.66,24.81,15.130999999999998,213289
2007-08-16,24.76,27.07,24.76,26.92,16.418,546452
2007-08-17,27.98,29.74,27.75,28.47,17.3634,872981
2007-08-20,28.69,28.69,27.85,28.11,17.1438,409231
2007-08-21,28.12,28.97,28.08,28.73,17.5217,266966
2007-08-22,29.0,29.62,28.09,29.01,17.6926,368487
2007-08-23,29.21,29.36,27.32,27.56,16.8083,354561
2007-08-24,27.63,28.6,26.96,28.6,17.4427,325686
2007-08-27,28.6,28.93,27.84,28.25,17.2291,272176
2007-08-28,28.12,28.12,27.23,27.24,16.6129,278903
2007-08-29,27.38,28.4,27.0,28.39,17.4558,287181
2007-08-30,28.07,28.74,28.0,28.07,17.2586,330371
2007-08-31,28.5,28.65,28.03,28.24,17.3633,231298
2007-09-04,28.23,28.68,28.01,28.34,17.4248,247325
2007-09-05,28.21,28.25,27.73,27.94,17.1787,287572
2007-09-06,27.98,28.64,27.79,28.61,17.5907,354479
2007-09-07,28.09,28.43,27.65,27.83,17.111,362871
2007-09-10,27.95,28.28,27.25,27.77,17.0746,189913
2007-09-11,27.97,28.28,27.66,28.16,17.314,178546
2007-09-12,28.11,28.21,27.63,27.87,17.1358,226966
2007-09-13,28.08,28.72,27.62,28.59,17.578,248065
2007-09-14,28.31,28.73,28.07,28.67,17.6278,184055
2007-09-17,28.56,28.75,28.12,28.49,17.5169,306888
2007-09-18,28.75,30.0,28.12,30.0,18.4455,384604
2007-09-19,30.0,30.15,29.38,29.61,18.2052,354108
2007-09-20,29.52,29.68,28.96,29.37,18.0577,171108
2007-09-21,29.65,29.73,29.12,29.19,17.9474,381325
2007-09-24,29.3,29.51,28.49,28.71,17.6523,221169
2007-09-25,28.57,28.67,28.12,28.45,17.4925,114839
2007-09-26,28.7,29.17,28.48,28.74,17.6706,136784
2007-09-27,28.93,29.04,28.73,29.02,17.843,194286
2007-09-28,28.95,28.95,27.74,28.04,17.2402,321393
2007-10-01,27.98,29.06,27.76,29.0,17.8304,198064
2007-10-02,28.99,29.38,28.74,29.36,18.0519,127191
2007-10-03,29.13,29.27,28.47,28.74,17.6706,158937
2007-10-04,28.86,29.23,28.86,28.96,17.8057,81845
2007-10-05,29.23,29.71,28.92,29.36,18.0519,140905
2007-10-08,29.24,29.43,29.07,29.22,17.9659,121238
2007-10-09,29.3,29.31,28.88,29.27,17.9967,101585
2007-10-10,28.94,29.16,28.9,29.0,17.8304,162670
2007-10-11,29.09,29.32,28.46,28.97,17.8124,200641
2007-10-12,28.96,29.28,28.67,28.77,17.6892,106788
2007-10-15,28.72,28.76,27.6,27.93,17.1727,218290
2007-10-16,27.8,28.09,27.04,27.2,16.7239,203032
2007-10-17,27.51,28.03,26.52,27.13,16.6809,262437
2007-10-18,26.91,26.91,25.69,25.88,15.9121,406116
2007-10-19,25.88,25.93,25.08,25.11,15.4389,268490
2007-10-22,25.0,26.17,24.88,26.02,15.9982,370819
2007-10-23,26.54,26.54,25.39,25.86,15.8999,251543
2007-10-24,25.0,25.5,23.76,25.04,15.3959,486483
2007-10-25,25.02,25.61,24.69,25.15,15.4633,395495
2007-10-26,25.57,27.09,25.57,26.91,16.5453,416577
2007-10-29,27.01,27.29,26.43,26.76,16.4535,176476
2007-10-30,26.59,26.77,25.98,26.37,16.2132,164170
2007-10-31,26.54,27.35,26.08,26.99,16.5947,233867
2007-11-01,26.49,26.96,24.53,24.6,15.1253,311977
2007-11-02,25.07,25.4,23.81,24.42,15.0145,524486
2007-11-05,24.04,24.74,23.85,24.37,14.9839,230255
2007-11-06,24.45,24.87,23.95,24.72,15.1992,362845
2007-11-07,24.3,24.48,23.27,23.27,14.3075,222727
2007-11-08,23.52,24.76,23.1,24.62,15.1374,282112
2007-11-09,24.24,25.79,23.45,25.28,15.5435,434288
2007-11-12,25.3,26.47,24.87,25.74,15.8262,243386
2007-11-13,25.99,26.91,25.99,26.76,16.4535,275581
2007-11-14,26.98,26.99,25.85,26.2,16.1091,159014
2007-11-15,26.02,26.15,24.8,25.04,15.3959,217708
2007-11-16,25.14,25.88,24.75,25.39,15.6111,287937
2007-11-19,25.07,25.08,24.2,24.57,15.107000000000001,399516
2007-11-20,24.46,25.08,23.6,24.64,15.15,336325
2007-11-21,24.45,25.73,24.24,25.23,15.5124,364576
2007-11-23,25.48,26.26,25.06,25.84,15.8876,97347
2007-11-26,25.78,25.82,24.11,24.16,14.8544,216487
2007-11-27,24.27,24.84,24.25,24.44,15.0265,343531
2007-11-28,24.7,26.0,24.31,25.95,16.1068,332902
2007-11-29,25.84,25.85,24.92,25.17,15.6228,209841
2007-11-30,25.6,26.35,25.11,25.46,15.8028,538368
2007-12-03,25.41,25.45,24.5,24.72,15.3434,228390
2007-12-04,24.5,24.62,24.13,24.3,15.0828,345968
2007-12-05,24.73,25.28,24.44,25.23,15.6602,321572
2007-12-06,25.13,26.35,24.72,26.35,16.355,267200
2007-12-07,26.36,26.36,25.35,25.58,15.8772,169465
2007-12-10,25.58,26.29,25.58,26.115,16.2093,148652
2007-12-11,26.14,26.25,24.38,24.4,15.1445,380815
2007-12-12,25.13,25.39,24.0,24.29,15.0765,301599
2007-12-13,24.03,24.22,23.41,24.1,14.9587,309996
2007-12-14,23.72,24.35,23.34,23.5,14.5862,251993
2007-12-17,23.38,24.28,23.22,23.43,14.5427,216523
2007-12-18,23.77,24.56,23.34,24.33,15.1013,389774
2007-12-19,24.29,24.53,23.73,24.18,15.0085,176368
2007-12-20,24.47,24.73,23.58,24.72,15.3434,236538
2007-12-21,24.88,26.75,24.72,26.69,16.5664,986443
2007-12-24,26.37,26.91,26.19,26.64,16.5351,130039
2007-12-26,26.41,26.9,26.31,26.61,16.5166,216067
2007-12-27,26.63,26.85,25.71,25.76,15.989,254940
2007-12-28,26.19,26.33,25.46,25.47,15.809000000000001,266317
2007-12-31,25.2,25.82,25.05,25.36,15.7408,302338
2008-01-02,25.23,25.725,24.65,24.88,15.4428,266437
2008-01-03,24.88,25.23,24.21,24.21,15.0265,296517
2008-01-04,24.01,24.12,23.27,23.47,14.5673,384417
2008-01-07,23.53,24.75,23.29,23.99,14.8905,424608
2008-01-08,23.99,24.44,22.59,22.59,14.0215,373994
2008-01-09,22.64,23.26,22.0,23.16,14.3752,535033
2008-01-10,23.17,23.96,22.76,23.38,14.5118,476599
2008-01-11,23.03,23.19,22.28,22.41,13.9098,656032
2008-01-14,22.3,22.44,21.75,22.2,13.7792,347333
2008-01-15,21.85,22.16,21.26,21.76,13.5062,257515
2008-01-16,21.7,23.02,21.7,22.54,13.9905,352119
2008-01-17,22.58,22.61,21.07,21.08,13.0837,473847
2008-01-18,21.07,21.84,20.25,20.93,12.991,557691
2008-01-22,19.87,22.11,19.76,20.98,13.022,634813
2008-01-23,18.75,21.18,17.6,20.78,12.898,1660179
2008-01-24,20.8,21.4,20.0,21.17,13.1401,960446
2008-01-25,21.52,21.69,20.09,20.35,12.6307,631668
2008-01-28,20.35,21.81,20.23,21.71,13.475,633110
2008-01-29,21.82,22.15,20.94,21.75,13.4998,564387
2008-01-30,21.56,22.94,21.56,21.92,13.6058,531858
2008-01-31,21.62,23.36,21.09,23.01,14.2821,702340
2008-02-01,23.15,23.97,22.85,23.87,14.8158,639451
2008-02-04,23.76,23.76,22.91,23.15,14.3687,390853
2008-02-05,22.59,23.13,21.94,22.05,13.6861,551729
2008-02-06,22.24,22.65,21.36,21.9,13.5928,433381
2008-02-07,21.75,23.31,21.63,22.77,14.1328,421949
2008-02-08,22.67,22.87,21.62,22.42,13.9158,430046
2008-02-11,22.4,22.42,21.7,21.84,13.5559,246723
2008-02-12,22.06,22.65,21.74,22.2,13.7792,364690
2008-02-13,22.46,22.6,21.8,22.51,13.9717,256508
2008-02-14,22.57,22.57,21.31,21.42,13.2951,304963
2008-02-15,21.74,21.74,20.83,21.12,13.1088,462525
2008-02-19,21.44,21.49,20.48,20.54,12.749,310817
2008-02-20,20.36,21.1,20.24,21.0,13.0346,340319
2008-02-21,21.16,21.24,20.1,20.21,12.5439,394300
2008-02-22,20.21,20.46,19.3,20.36,12.6375,857954
2008-02-25,20.33,20.905,19.89,20.78,12.898,508290
2008-02-26,20.6,21.38,20.6,21.07,13.0783,562962
2008-02-27,20.89,21.11,20.26,20.76,13.0277,334457
2008-02-28,20.41,20.71,19.75,19.97,12.5321,367827
2008-02-29,19.7,20.08,19.6401,19.76,12.4003,762510
2008-03-03,19.73,20.1,19.29,19.58,12.2872,549456
2008-03-04,19.34,19.55,18.75,19.4,12.1743,1113631
2008-03-05,19.53,19.94,19.15,19.305,12.1146,532129
2008-03-06,19.19,19.46,18.99,18.99,11.917,421216
2008-03-07,18.76,19.85,18.76,19.31,12.1177,365064
2008-03-10,19.37,19.72,19.06,19.34,12.1369,458766
2008-03-11,19.7,20.96,19.7,20.96,13.1533,550874
2008-03-12,21.03,21.8,20.49,20.49,12.8586,433074
2008-03-13,20.16,20.55,19.36,20.44,12.827,579448
2008-03-14,20.66,20.94,19.72,19.89,12.4818,755659
2008-03-17,19.87,20.69,19.44,20.24,12.7014,647519
2008-03-18,20.76,21.45,20.29,21.35,13.3979,638681
2008-03-19,21.95,21.95,21.0,21.01,13.1846,520597
2008-03-20,21.28,22.34,20.94,22.33,14.0131,1026074
2008-03-24,22.37,23.47,22.32,23.08,14.4835,592780
2008-03-25,22.99,23.4,22.63,23.06,14.4708,456900
2008-03-26,22.86,23.11,22.61,22.9,14.3705,277771
2008-03-27,23.03,23.5,22.57,22.64,14.2077,427369
2008-03-28,22.53,23.08,21.75,21.81,13.6867,353897
2008-03-31,21.8,22.65,21.8,22.28,13.9817,406855
2008-04-01,22.87,23.54,22.87,23.53,14.765999999999998,614377
2008-04-02,23.47,24.0,23.1,23.56,14.7849,258579
2008-04-03,23.95,23.95,23.03,23.36,14.6594,238248
2008-04-04,23.33,23.33,22.7,22.77,14.2892,219977
2008-04-07,22.89,23.22,22.56,22.8,14.3079,210037
2008-04-08,22.56,22.75,22.09,22.28,13.9817,293993
2008-04-09,22.22,22.738000000000003,21.07,21.11,13.2472,491643
2008-04-10,21.15,21.45,20.79,21.08,13.2285,507004
2008-04-11,20.79,21.14,20.63,20.69,12.9839,526507
2008-04-14,20.64,20.76,19.942999999999998,20.01,12.5572,247698
2008-04-15,20.19,20.97,20.19,20.95,13.1469,280011
2008-04-16,21.06,21.95,21.06,21.78,13.6677,345433
2008-04-17,21.65,22.32,21.32,21.98,13.7932,297213
2008-04-18,22.48,22.62,22.09,22.25,13.9629,368541
2008-04-21,22.02,22.17,21.1923,21.23,13.3227,202933
2008-04-22,20.97,21.18,20.5,21.0,13.1783,343254
2008-04-23,21.36,21.5,20.63,20.91,13.1218,505907
2008-04-24,20.88,21.63,20.28,21.47,13.4731,645466
2008-04-25,21.54,21.86,20.94,21.52,13.5048,390211
2008-04-28,21.45,22.22,21.18,22.03,13.8247,356371
2008-04-29,22.04,22.27,21.89,22.05,13.8371,144135
2008-04-30,22.13,22.45,21.66,21.78,13.6677,216599
2008-05-01,21.75,22.97,21.447,22.85,14.3393,250767
2008-05-02,22.99,23.65,22.28,22.36,14.0318,324908
2008-05-05,22.22,22.37,21.8,21.97,13.787,406902
2008-05-06,21.84,22.15,21.06,21.85,13.7117,335439
2008-05-07,21.92,22.13,21.14,21.19,13.2975,415835
2008-05-08,21.35,21.48,20.83,20.9,13.1154,377341
2008-05-09,20.66,21.27,20.54,20.9,13.1154,334058
2008-05-12,21.0,22.03,21.0,21.93,13.7621,252855
2008-05-13,21.96,21.96,21.46,21.75,13.6492,136286
2008-05-14,21.8,22.1,21.72,21.89,13.7367,151248
2008-05-15,21.85,22.08,21.53,22.05,13.8371,132360
2008-05-16,22.21,22.21,21.14,21.47,13.4731,227597
2008-05-19,21.42,21.69,20.86,21.13,13.2599,304651
2008-05-20,21.0,21.03,20.55,20.66,12.9648,240155
2008-05-21,20.73,21.14,20.5,20.73,13.0088,218827
2008-05-22,20.77,21.21,20.58,20.71,12.9962,264291
2008-05-23,20.54,20.94,20.33,20.44,12.827,198357
2008-05-27,20.54,21.02,20.37,20.68,12.9774,287053
2008-05-28,20.69,20.69,19.43,19.71,12.5077,529818
2008-05-29,19.69,20.53,19.63,20.36,12.9204,237890
2008-05-30,20.37,20.37,19.72,19.96,12.6667,368422
2008-06-02,20.01,20.2,19.3,19.87,12.6095,468315
2008-06-03,19.99,20.1799,19.67,19.68,12.4891,686750
2008-06-04,19.68,20.07,19.38,19.88,12.6155,366209
2008-06-05,19.88,20.48,19.88,20.45,12.9774,312831
2008-06-06,20.28,20.28,19.42,19.45,12.343,426323
2008-06-09,19.57,19.77,19.0,19.2,12.1843,354059
2008-06-10,19.02,19.78,19.01,19.51,12.3812,349086
2008-06-11,19.54,19.79,18.86,18.86,11.9684,385598
2008-06-12,19.05,19.867,18.77,18.92,12.0064,268769
2008-06-13,19.16,19.47,17.74,18.23,11.5688,557317
2008-06-16,18.19,19.04,17.97,18.88,11.9811,304816
2008-06-17,18.98,19.03,18.15,18.31,11.6196,357347
2008-06-18,18.24,18.41,17.69,18.06,11.4606,403649
2008-06-19,18.12,18.86,17.75,18.84,11.9558,503416
2008-06-20,18.78,19.43,18.23,18.91,12.0001,787441
2008-06-23,19.1,19.23,17.84,17.95,11.390999999999998,1404532
2008-06-24,17.87,19.01,17.72,18.55,11.7715,1010548
2008-06-25,18.67,20.12,18.5,18.88,11.9811,1191419
2008-06-26,18.57,19.02,18.31,18.42,11.6892,906896
2008-06-27,18.45,19.14,18.28,18.45,11.7084,895302
2008-06-30,18.48,18.48,17.64,17.65,11.2007,488399
2008-07-01,17.57,18.43,17.48,18.38,11.6639,739776
2008-07-02,18.4,19.69,18.06,18.07,11.467,786414
2008-07-03,18.25,18.57,17.37,17.4,11.0423,340871
2008-07-07,17.67,17.67,16.3,16.76,10.636,547009
2008-07-08,16.78,17.59,16.37,17.53,11.1247,621165
2008-07-09,17.53,17.6225,16.53,16.53,10.4899,500226
2008-07-10,16.64,17.69,16.45,17.25,10.9467,579794
2008-07-11,17.03,17.47,16.31,17.15,10.8835,489293
2008-07-14,17.37,17.37,15.36,15.75,9.9949,701036
2008-07-15,15.75,15.77,14.31,14.7,9.3284,952142
2008-07-16,14.61,16.72,14.59,16.63,10.5536,627347
2008-07-17,16.73,18.49,16.58,17.9,11.3593,728741
2008-07-18,18.16,18.16,17.15,17.9,11.3593,603288
2008-07-21,18.52,19.0,17.43,17.63,11.187999999999999,527769
2008-07-22,19.02,19.02,16.85,18.81,11.937000000000001,657914
2008-07-23,17.13,18.32,16.3,18.14,11.5114,1233958
2008-07-24,18.22,18.22,17.13,17.18,10.9022,867448
2008-07-25,17.45,18.43,16.55,16.98,10.7752,539340
2008-07-28,16.87,17.73,16.43,16.9,10.7249,539782
2008-07-29,16.93,18.86,16.93,18.86,11.9684,716869
2008-07-30,18.99,19.25,18.1,18.51,11.7465,520635
2008-07-31,18.01,18.55,17.8,18.06,11.4606,458318
2008-08-01,18.18,18.94,17.78,18.77,11.9115,465607
2008-08-04,18.65,18.69,17.64,18.26,11.5876,471443
2008-08-05,18.62,18.87,17.99,18.79,11.9241,814815
2008-08-06,18.56,18.86,18.2,18.64,11.8289,551478
2008-08-07,17.54,18.37,17.03,17.29,10.9723,970341
2008-08-08,17.16,18.37,17.16,18.19,11.5435,493090
2008-08-11,18.22,19.89,18.08,19.71,12.5077,544824
2008-08-12,19.52,19.69,18.94,19.15,12.1524,561954
2008-08-13,19.02,19.02,18.12,18.6,11.8033,585046
2008-08-14,18.49,19.15,18.28,19.09,12.1143,418943
2008-08-15,19.72,20.5,18.61,19.66,12.4763,597946
2008-08-18,19.65,19.65,18.61,18.65,11.835,498357
2008-08-19,18.2,18.47,17.84,18.27,11.5942,494119
2008-08-20,18.34,18.77,17.5,18.15,11.517999999999999,444553
2008-08-21,17.85,18.38,17.85,18.08,11.4737,400605
2008-08-22,18.4,19.0,18.2,18.92,12.0064,400205
2008-08-25,18.65,18.89,18.4,18.45,11.7084,439381
2008-08-26,18.47,18.77,18.0,18.44,11.7022,264420
2008-08-27,18.2,18.8,18.03,18.51,11.8946,263655
2008-08-28,18.67,19.31,18.49,19.31,12.4091,321308
2008-08-29,19.05,19.37,18.8,19.19,12.3322,204770
2008-09-02,19.74,20.48,18.855,19.76,12.6982,356822
2008-09-03,19.62,20.43,18.94,20.39,13.1027,543400
2008-09-04,20.08,20.33,19.54,19.6,12.5955,587997
2008-09-05,19.37,20.68,19.14,20.38,13.0964,525381
2008-09-08,21.18,22.29,20.55,22.29,14.3239,944122
2008-09-09,22.3,23.19,21.465,21.67,13.9255,1003639
2008-09-10,22.35,22.35,20.92,21.87,14.054,728044
2008-09-11,21.5,22.46,21.01,22.46,14.4331,827357
2008-09-12,21.85,23.2,21.66,23.03,14.7992,755082
2008-09-15,22.27,23.39,21.07,22.24,14.2919,723380
2008-09-16,22.35,24.305,21.65,23.98,15.4098,1186396
2008-09-17,23.11,23.7399,22.23,22.42,14.4076,732560
2008-09-18,23.24,30.0,22.381999999999998,28.5,18.3146,1612634
2008-09-19,29.0,34.0,27.7,29.94,19.2397,3269807
2008-09-22,28.5,28.52,25.19,25.48,16.3736,469143
2008-09-23,25.03,26.44,24.63,25.47,16.3674,343354
2008-09-24,25.88,26.44,23.2,24.99,16.0589,426876
2008-09-25,24.7,25.72,24.64,25.26,16.2323,226442
2008-09-26,24.61,25.06,22.45,23.85,15.3264,466660
2008-09-29,23.05,23.87,19.36,19.36,12.440999999999999,396970
2008-09-30,20.18,21.52,20.06,20.74,13.3277,443310
2008-10-01,20.81,21.4,20.25,21.35,13.7195,247974
2008-10-02,21.4,22.49,20.68,21.07,13.5401,214497
2008-10-03,21.59,23.48,21.42,21.45,13.784,308740
2008-10-06,20.63,23.5,20.12,21.91,14.0796,348395
2008-10-07,21.39,22.53,19.74,19.82,12.7365,216060
2008-10-08,19.09,21.85,18.0,19.21,12.3448,279769
2008-10-09,19.23,20.49,16.47,16.49,10.5965,575945
2008-10-10,15.84,19.22,14.51,18.99,12.2033,848679
2008-10-13,19.77,20.35,17.94,20.13,12.9357,447205
2008-10-14,21.89,22.98,19.89,21.15,13.5912,512402
2008-10-15,20.32,22.0,20.32,21.08,13.5464,1307661
2008-10-16,21.3,22.02,18.86,22.02,14.1503,501774
2008-10-17,20.79,22.5,20.25,20.72,13.3147,404723
2008-10-20,20.9,21.88,19.99,21.63,13.8998,312389
2008-10-21,20.74,20.98,19.68,19.94,12.8137,490168
2008-10-22,19.35,19.69,18.44,18.64,11.9784,422590
2008-10-23,18.74,19.19,16.18,17.01,10.9307,870751
2008-10-24,16.05,17.96,16.05,17.29,11.1106,609843
2008-10-27,17.09,17.95,16.75,16.75,10.7638,325389
2008-10-28,17.17,17.92,16.55,17.91,11.5093,652979
2008-10-29,18.17,19.14,18.0,18.27,11.7403,413937
2008-10-30,19.1,19.17,18.25,19.17,12.3187,340037
2008-10-31,18.89,20.94,18.89,20.52,13.1866,525474
2008-11-03,20.35,21.34,19.7,21.25,13.6555,307300
2008-11-04,21.5,23.26,20.69,23.16,14.8828,506637
2008-11-05,22.72,23.05,21.45,21.59,13.8743,476227
2008-11-06,21.61,22.41,21.15,21.33,13.707,495174
2008-11-07,21.55,21.86,21.0,21.72,13.9574,427129
2008-11-10,22.0,22.0,20.5,20.69,13.2955,279815
2008-11-11,20.5,21.5,19.61,19.75,12.6914,617542
2008-11-12,19.39,20.1,18.52,18.54,11.9143,492144
2008-11-13,18.75,20.34,17.8,20.25,13.013,680021
2008-11-14,19.98,20.44,18.67,18.75,12.0486,455649
2008-11-17,18.68,19.37,18.29,18.6,11.9525,231719
2008-11-18,18.68,19.18,17.53,18.62,11.9654,991655
2008-11-19,18.35,19.35,17.64,17.68,11.3617,1554000
2008-11-20,17.5,18.75,16.73,16.81,10.8021,624939
2008-11-21,17.32,18.12,16.19,17.9,11.5029,750595
2008-11-24,17.94,20.76,17.37,20.28,13.0323,871048
2008-11-25,20.28,20.28,18.52,19.65,12.6273,784034
2008-11-26,18.84,20.0,18.4,19.9,12.9396,503391
2008-11-28,19.51,19.96,19.35,19.96,12.9784,133981
2008-12-01,19.22,20.42,16.5,16.6,10.7941,720486
2008-12-02,17.13,18.21,16.8,18.13,11.7885,507838
2008-12-03,17.42,19.03,17.42,19.0,12.3542,449891
2008-12-04,18.46,19.32,17.885,18.09,11.7627,571612
2008-12-05,17.69,18.99,16.96,18.93,12.3087,556914
2008-12-08,19.57,19.93,18.39,19.66,12.7833,722646
2008-12-09,19.3,19.8,18.17,18.22,11.8472,666186
2008-12-10,18.65,19.06,17.96,18.45,11.9968,275373
2008-12-11,18.08,19.01,18.07,18.18,11.821,637332
2008-12-12,17.78,19.24,17.57,19.15,12.4515,374103
2008-12-15,19.2,19.2,17.95,18.96,12.328,446035
2008-12-16,19.32,20.75,18.56,20.75,13.4921,607561
2008-12-17,20.38,21.13,19.94,20.77,13.5053,640181
2008-12-18,20.87,21.45,19.91,20.51,13.3363,454682
2008-12-19,21.23,21.47,20.5,20.62,13.4074,772175
2008-12-22,21.39,21.5,19.83,20.25,13.167,302430
2008-12-23,20.64,20.75,19.51,19.63,12.7637,304795
2008-12-24,19.64,19.93,19.27,19.89,12.9329,105651
2008-12-26,20.01,20.13,19.592,20.09,13.0631,126544
2008-12-29,19.87,20.03,19.13,19.58,12.7313,229193
2008-12-30,19.91,20.74,19.78,20.64,13.4207,212472
2008-12-31,20.74,21.71,20.32,21.59,14.0383,314283
2009-01-02,21.69,21.69,20.96,21.34,13.8758,172156
2009-01-05,21.38,21.38,20.25,20.35,13.2319,282023
2009-01-06,20.65,20.77,19.99,20.35,13.2319,219578
2009-01-07,19.86,20.1,19.06,19.18,12.470999999999998,249230
2009-01-08,18.42,19.67,18.42,19.24,12.51,279530
2009-01-09,19.25,19.99,18.1,18.12,11.782,534967
2009-01-12,17.97,18.19,17.51,17.7,11.5091,581256
2009-01-13,17.48,17.64,16.8,17.57,11.4248,1288700
2009-01-14,17.06,17.795,16.89,16.95,11.0214,652903
2009-01-15,16.94,17.56,16.22,16.93,11.0078,729316
2009-01-16,17.1,17.4,16.51,17.17,11.1639,573877
2009-01-20,16.78,17.04,15.48,15.52,10.0915,756761
2009-01-21,15.76,17.36,15.43,17.36,11.2881,907361
2009-01-22,16.85,17.6,16.28,16.86,10.963,821019
2009-01-23,16.11,17.57,16.11,17.57,11.4248,570393
2009-01-26,17.78,18.51,17.39,17.76,11.5479,618738
2009-01-27,16.97,18.05,16.97,17.42,11.3267,901774
2009-01-28,19.74,21.13,19.73,20.99,13.6484,1624059
2009-01-29,20.35,21.37,20.19,20.53,13.349,957991
2009-01-30,20.02,21.36,20.02,20.3,13.1996,953035
2009-02-02,19.94,21.4,19.86,21.34,13.8758,810241
2009-02-03,21.64,21.8,20.36,21.08,13.7068,897121
2009-02-04,21.03,21.95,20.57,20.88,13.5765,692005
2009-02-05,20.74,21.82,20.25,21.26,13.8237,490852
2009-02-06,21.17,22.81,21.1,22.6,14.695,679233
2009-02-09,22.55,23.45,22.23,22.88,14.8774,607978
2009-02-10,22.75,22.87,20.82,20.93,13.6089,842765
2009-02-11,21.13,21.82,20.73,21.31,13.8561,1125455
2009-02-12,20.74,20.87,18.89,19.98,12.9912,2052463
2009-02-13,19.98,20.24,19.05,19.16,12.4582,790751
2009-02-17,18.53,18.7699,17.93,18.03,11.7234,868472
2009-02-18,18.22,18.48,17.21,17.58,11.4309,690838
2009-02-19,17.81,18.09,17.08,17.1,11.1186,945195
2009-02-20,16.98,17.6,16.5,16.99,11.0472,1363274
2009-02-23,17.24,17.6,16.52,16.55,10.761,922703
2009-02-24,16.81,17.73,16.5,17.65,11.4764,814998
2009-02-25,18.48,19.27,17.73,18.58,12.2408,3709356
2009-02-26,18.75,19.65,18.2,18.59,12.2472,1381954
2009-02-27,17.71,18.87,17.71,17.79,11.7204,1623305
2009-03-02,17.43,17.79,16.61,16.8,11.0682,1341874
2009-03-03,16.98,17.14,15.94,16.23,10.6926,8221716
2009-03-04,16.47,16.84,15.81,16.5,10.8703,1780376
2009-03-05,16.01,16.19,14.66,14.77,9.7304,1772599
2009-03-06,14.98,15.49,14.18,14.73,9.7043,1178684
2009-03-09,14.43,15.26,14.21,14.84,9.7766,917639
2009-03-10,15.14,16.62,14.92,16.18,10.6594,1651270
2009-03-11,16.37,17.04,16.1,16.36,10.7782,952824
2009-03-12,16.28,18.08,16.0,17.99,11.8517,712914
2009-03-13,18.13,18.13,17.33,17.59,11.5885,638350
2009-03-16,17.8,18.19,17.1,17.13,11.2853,795413
2009-03-17,17.2,18.23,17.0,18.23,12.0101,858268
2009-03-18,18.16,19.4798,17.9,19.14,12.6096,1252588
2009-03-19,19.41,19.41,18.17,18.19,11.9836,951594
2009-03-20,18.41,18.81,17.74,17.75,11.694,1598503
2009-03-23,18.72,19.82,17.95,19.82,13.0575,1290305
2009-03-24,19.97,19.97,18.29,18.29,12.0495,1085322
2009-03-25,19.58,19.58,17.61,18.74,12.3464,990136
2009-03-26,18.9,19.39,18.3,19.39,12.7744,1289205
2009-03-27,19.02,19.6197,18.72,18.74,12.3464,669726
2009-03-30,18.19,18.485,17.4,17.55,11.5619,598481
2009-03-31,17.85,18.63,17.71,18.38,12.1089,599765
2009-04-01,17.94,18.85,17.75,18.75,12.3525,637900
2009-04-02,19.32,19.39,18.81,19.11,12.5897,643217
2009-04-03,19.11,19.41,18.58,19.41,12.7874,381817
2009-04-06,19.1,19.5,18.44,18.77,12.3655,424964
2009-04-07,18.39,18.68,17.91,17.93,11.8124,421549
2009-04-08,18.16,18.29,17.36,17.88,11.7794,460194
2009-04-09,18.38,19.47,18.38,19.47,12.8271,687164
2009-04-13,18.34,20.3,18.17,20.18,13.2947,780081
2009-04-14,19.71,20.07,18.21,18.24,12.0165,832512
2009-04-15,18.11,19.0,17.42,18.89,12.445,591867
2009-04-16,19.04,19.67,18.23,19.41,12.7874,561711
2009-04-17,19.95,20.23,19.02,19.85,13.0775,477906
2009-04-20,19.08,19.38,18.68,18.7,12.3197,836892
2009-04-21,18.5,20.24,18.05,20.18,13.2947,818996
2009-04-22,19.86,20.5,19.3,19.37,12.7612,670003
2009-04-23,19.53,19.53,18.45,19.31,12.7218,556401
2009-04-24,19.36,20.63,19.17,20.2,13.308,669992
2009-04-27,19.84,20.379,19.48,19.61,12.9191,468446
2009-04-28,19.42,20.35,19.25,19.74,13.0048,466176
2009-04-29,20.26,22.0,20.26,21.82,14.3752,900253
2009-04-30,21.95,22.4,21.67,21.74,14.3226,1261895
2009-05-01,21.75,22.16,21.34,21.46,14.1383,782755
2009-05-04,21.83,22.7,21.62,22.63,14.9088,601067
2009-05-05,22.46,22.73,21.83,21.92,14.4414,618505
2009-05-06,22.19,22.5,21.47,22.32,14.7046,653966
2009-05-07,22.69,22.8,21.65,21.89,14.421,464972
2009-05-08,22.02,23.3,22.02,23.2,15.2845,725584
2009-05-11,22.74,22.98,22.37,22.41,14.7639,615323
2009-05-12,22.71,22.93,21.1,21.76,14.3358,336853
2009-05-13,21.41,21.41,20.4,20.41,13.446,507951
2009-05-14,20.55,20.9,20.19,20.71,13.6438,316015
2009-05-15,20.77,20.77,19.98,20.26,13.3474,412241
2009-05-18,20.57,21.48,20.57,21.37,14.0789,311136
2009-05-19,21.12,21.13,20.17,20.24,13.3342,297687
2009-05-20,20.41,20.57,19.27,19.35,12.7479,453462
2009-05-21,19.18,19.36,18.82,19.21,12.6557,513249
2009-05-22,19.31,19.45,18.86,18.95,12.4842,259432
2009-05-26,18.84,20.46,18.77,20.33,13.3936,551331
2009-05-27,20.32,20.44,19.05,19.1,12.5832,539542
2009-05-28,19.26,19.41,18.41,19.16,12.7767,407407
2009-05-29,19.12,19.59,18.8,19.54,13.0299,395552
2009-06-01,19.71,20.01,19.23,19.75,13.1699,390958
2009-06-02,19.66,20.0,19.46,19.68,13.1231,566469
2009-06-03,19.53,19.85,19.36,19.69,13.1299,300052
2009-06-04,19.79,20.01,19.58,20.0,13.3369,494334
2009-06-05,20.1,20.27,19.0,19.23,12.8232,413457
2009-06-08,19.18,19.65,19.05,19.46,12.9765,208748
2009-06-09,19.39,19.79,19.1,19.64,13.0966,265604
2009-06-10,19.95,19.95,19.02,19.32,12.8834,294881
2009-06-11,19.46,20.23,19.3,19.72,13.1499,274886
2009-06-12,19.65,19.93,19.25,19.71,13.1433,207566
2009-06-15,19.53,19.68,18.96,19.6,13.07,480882
2009-06-16,19.84,19.97,19.45,19.58,13.0565,357641
2009-06-17,19.59,19.9799,18.78,19.31,12.8766,403448
2009-06-18,19.37,19.96,19.28,19.8,13.2035,276942
2009-06-19,20.14,20.6,19.95,20.36,13.5766,883547
2009-06-22,20.2,20.25,19.45,19.45,12.97,449846
2009-06-23,19.58,19.91,19.26,19.45,12.97,502933
2009-06-24,19.56,19.74,19.06,19.18,12.7899,538323
2009-06-25,19.13,19.9,19.1,19.78,13.1899,574784
2009-06-26,19.66,20.16,19.41,20.16,13.4438,1745259
2009-06-29,20.08,20.13,19.15,19.91,13.2764,392993
2009-06-30,19.75,19.86,19.12,19.32,12.8834,483049
2009-07-01,19.71,19.98,19.35,19.39,12.9299,436576
2009-07-02,19.47,19.47,18.56,18.64,12.4298,526684
2009-07-06,18.66,18.66,18.02,18.47,12.3165,534918
2009-07-07,18.46,19.12,18.25,18.64,12.4298,463983
2009-07-08,18.73,19.13,18.11,18.38,12.2566,493810
2009-07-09,18.52,18.78,18.31,18.34,12.2301,420796
2009-07-10,18.26,18.43,17.93,18.14,12.0964,329998
2009-07-13,18.21,19.02,18.21,19.0,12.6696,360461
2009-07-14,19.04,19.3,18.71,18.83,12.5566,269904
2009-07-15,18.97,19.28,18.69,19.23,12.8232,356358
2009-07-16,19.23,19.39,18.67,19.13,12.7566,332931
2009-07-17,19.19,19.39,18.19,18.47,12.3165,476865
2009-07-20,18.61,18.85,18.27,18.54,12.3629,317487
2009-07-21,18.68,18.85,17.38,17.52,11.6831,519278
2009-07-22,17.39,17.8001,17.32,17.6,11.7365,509494
2009-07-23,17.49,18.32,17.41,18.26,12.1764,649425
2009-07-24,17.97,18.37,17.84,18.25,12.1695,333121
2009-07-27,18.3,18.84,18.16,18.8,12.5364,344241
2009-07-28,18.68,19.34,18.32,19.34,12.8966,671677
2009-07-29,18.6,19.59,18.52,19.57,13.0498,499919
2009-07-30,19.59,20.01,19.02,19.52,13.0164,676203
2009-07-31,19.34,20.11,19.34,19.9,13.27,493372
2009-08-03,20.0,20.44,19.75,20.42,13.6168,390933
2009-08-04,20.24,20.99,20.13,20.96,13.9768,383149
2009-08-05,20.96,21.21,20.8,21.09,14.0638,597255
2009-08-06,21.28,21.3,20.46,20.85,13.9036,476783
2009-08-07,21.0,21.77,20.64,21.27,14.1836,536098
2009-08-10,21.23,22.0,21.05,21.71,14.477,349708
2009-08-11,21.65,21.65,20.4001,20.95,13.9703,429747
2009-08-12,20.91,21.34,20.7,21.02,14.017000000000001,352795
2009-08-13,21.21,21.37,20.52,21.18,14.1235,286906
2009-08-14,21.03,21.19,20.16,20.33,13.5569,392461
2009-08-17,20.1,20.2,19.51,19.82,13.2167,254798
2009-08-18,19.9,20.11,19.7,19.8,13.2035,273918
2009-08-19,19.63,20.09,19.54,19.94,13.2969,142508
2009-08-20,19.91,20.07,19.71,19.99,13.3301,214977
2009-08-21,20.3,20.68,20.03,20.16,13.4438,658322
2009-08-24,20.27,20.27,19.51,19.62,13.0831,305413
2009-08-25,19.55,19.88,19.34,19.46,12.9765,238802
2009-08-26,19.47,20.02,19.36,19.78,13.1899,259700
2009-08-27,19.87,19.87,19.16,19.57,13.0498,233317
2009-08-28,19.62,19.62,19.02,19.11,12.8946,304148
2009-08-31,18.96,19.18,18.77,19.03,12.8409,432054
2009-09-01,18.8,19.43,18.43,18.45,12.4495,436070
2009-09-02,18.45,18.73,18.23,18.28,12.3348,421947
2009-09-03,18.37,18.49,18.11,18.47,12.463,334876
2009-09-04,18.55,19.1,18.43,18.79,12.6787,297454
2009-09-08,18.99,19.16,18.7,19.05,12.8544,331597
2009-09-09,19.09,19.4,18.78,19.21,12.9622,302399
2009-09-10,19.25,19.28,18.75,19.01,12.8274,193261
2009-09-11,19.11,19.2,18.9,19.04,12.8476,172945
2009-09-14,18.91,19.17,18.83,19.05,12.8544,164891
2009-09-15,19.07,19.66,18.73,19.45,13.1242,269815
2009-09-16,19.57,20.39,19.49,20.24,13.6573,389563
2009-09-17,20.25,20.55,19.76,19.96,13.4684,308281
2009-09-18,20.01,20.16,19.47,19.63,13.2456,684807
2009-09-21,19.41,20.04,19.15,19.24,12.9827,213085
2009-09-22,19.46,19.59,18.95,19.58,13.2118,251081
2009-09-23,19.68,19.86,19.34,19.67,13.2726,353797
2009-09-24,19.79,19.96,19.14,19.48,13.1445,350822
2009-09-25,19.5,19.58,18.7,19.03,12.8409,280814
2009-09-28,19.03,19.29,18.79,19.28,13.0094,272609
2009-09-29,19.26,19.45,19.07,19.11,12.8946,473914
2009-09-30,19.04,19.15,18.61,19.05,12.8544,525658
2009-10-01,19.1,19.34,18.75,18.78,12.6723,402988
2009-10-02,18.85,19.14,18.56,18.78,12.6723,365086
2009-10-05,18.92,19.15,18.59,18.92,12.7666,294687
2009-10-06,19.16,19.4,18.79,19.18,12.9421,233867
2009-10-07,19.06,19.29,18.742,19.29,13.015999999999998,231258
2009-10-08,19.36,19.6,19.22,19.36,13.0637,452818
2009-10-09,19.26,19.87,19.26,19.72,13.3063,217115
2009-10-12,19.86,19.86,19.2,19.31,13.0295,198086
2009-10-13,19.34,19.36,18.85,19.25,12.9892,188069
2009-10-14,19.5,19.78,19.23,19.7,13.293,442176
2009-10-15,19.5,19.67,19.27,19.65,13.2593,353573
2009-10-16,19.52,19.54,19.17,19.2,12.9555,363001
2009-10-19,19.29,19.4,18.97,19.37,13.0703,505771
2009-10-20,19.46,19.46,18.79,18.86,12.7261,247356
2009-10-21,18.87,19.12,18.2,18.26,12.3213,438641
2009-10-22,18.31,19.04,18.18,18.9,12.7533,338198
2009-10-23,19.0,19.05,18.28,18.47,12.463,342858
2009-10-26,18.53,18.61,18.07,18.5,12.4827,415184
2009-10-27,18.65,19.14,18.4,18.68,12.6047,402453
2009-10-28,19.0,19.95,18.858,19.5,13.1582,1006572
2009-10-29,19.55,19.55,19.02,19.46,13.130999999999998,547523
2009-10-30,19.46,19.84,18.79,18.95,12.7868,573300
2009-11-02,19.11,19.43,18.34,18.81,12.6924,479906
2009-11-03,18.69,18.81,18.26,18.69,12.6113,419745
2009-11-04,18.89,18.94,18.26,18.31,12.355,420015
2009-11-05,18.57,18.68,18.14,18.67,12.597999999999999,388143
2009-11-06,18.51,18.72,18.35,18.5,12.4827,244951
2009-11-09,18.75,18.96,18.51,18.95,12.7868,321277
2009-11-10,18.86,18.95,18.4,18.57,12.5303,285354
2009-11-11,18.8,19.1,18.62,18.95,12.7868,311714
2009-11-12,18.87,19.2,18.5,18.51,12.4901,289516
2009-11-13,18.65,18.67,18.21,18.62,12.5642,233191
2009-11-16,18.8,19.23,18.62,18.96,12.7938,422347
2009-11-17,18.81,19.31,18.72,19.28,13.0094,263403
2009-11-18,19.22,19.47,18.75,19.42,13.1042,241543
2009-11-19,19.3,19.3,18.83,19.03,12.8409,275790
2009-11-20,18.85,19.27,18.85,19.19,12.9489,187192
2009-11-23,19.48,20.03,19.39,19.54,13.185,230595
2009-11-24,19.6,19.73,19.12,19.59,13.2186,178665
2009-11-25,19.6,19.6,19.34,19.36,13.0637,146133
2009-11-27,18.68,19.13,18.67,18.71,12.7768,166565
2009-11-30,18.6,19.21,18.41,19.16,13.0837,412240
2009-12-01,19.15,19.15,18.8,19.0,12.9748,865848
2009-12-02,19.25,19.83,19.25,19.82,13.5347,4383727
2009-12-03,19.76,20.0,19.51,19.52,13.3297,1009259
2009-12-04,19.9,20.12,19.59,20.08,13.7121,1159476
2009-12-07,20.05,20.3,19.81,20.1,13.725999999999999,562454
2009-12-08,19.96,20.21,19.79,19.99,13.6506,472784
2009-12-09,20.08,20.08,19.67,19.86,13.5621,369487
2009-12-10,20.03,20.06,19.65,20.01,13.6646,695143
2009-12-11,20.12,20.27,19.89,20.27,13.8421,450310
2009-12-14,20.93,21.46,20.85,21.3,14.5454,985081
2009-12-15,21.1,21.24,20.87,21.18,14.4631,662018
2009-12-16,21.37,21.43,20.89,21.23,14.4972,667860
2009-12-17,21.01,21.41,21.01,21.3,14.5454,590507
2009-12-18,21.5,22.02,21.47,22.0,15.0236,2047827
2009-12-21,21.98,22.23,21.76,22.05,15.0577,570022
2009-12-22,22.11,22.32,21.88,22.2,15.1601,472022
2009-12-23,22.22,22.45,21.87,22.28,15.2146,611066
2009-12-24,22.3,22.66,22.26,22.64,15.4603,146665
2009-12-28,22.73,22.86,22.56,22.8,15.5697,564931
2009-12-29,22.79,22.89,22.55,22.76,15.5424,397929
2009-12-30,22.71,22.99,22.59,22.8,15.5697,474535
2009-12-31,22.84,22.84,22.54,22.54,15.3922,390769
2010-01-04,22.78,23.0,22.77,22.9,15.638,441411
2010-01-05,23.0,23.0,22.585,22.78,15.5561,432140
2010-01-06,22.68,22.91,22.52,22.53,15.3854,400135
2010-01-07,22.58,23.41,22.37,23.34,15.9383,353783
2010-01-08,23.37,23.77,23.16,23.64,16.1432,219133
2010-01-11,23.74,23.74,23.1,23.2,15.8429,169736
2010-01-12,23.11,23.47,22.79,23.07,15.754000000000001,297510
2010-01-13,23.2,23.32,22.93,23.22,15.8566,216840
2010-01-14,23.19,23.79,22.93,23.61,16.123,233165
2010-01-15,23.66,23.85,22.9,23.31,15.9183,307425
2010-01-19,23.42,24.16,23.33,23.89,16.314,334991
2010-01-20,23.71,24.0,23.04,23.61,16.123,429011
2010-01-21,23.53,24.19,23.32,24.02,16.4027,600973
2010-01-22,24.02,24.32,23.18,23.38,15.9657,454626
2010-01-25,23.55,23.71,22.89,23.34,15.9383,294823
2010-01-26,23.34,23.6,23.03,23.05,15.7406,366870
2010-01-27,23.07,23.74,23.03,23.65,16.1504,446963
2010-01-28,23.69,23.99,23.25,23.42,15.9931,353010
2010-01-29,23.51,23.51,22.76,22.8,15.5697,505593
2010-02-01,22.98,23.13,22.58,22.74,15.5286,427960
2010-02-02,22.72,22.83,22.31,22.49,15.3583,486180
2010-02-03,22.44,22.53,21.92,22.17,15.1394,313376
2010-02-04,22.05,22.1,21.46,21.7,14.8183,361983
2010-02-05,21.74,22.18,21.51,22.12,15.1054,429080
2010-02-08,22.18,22.18,21.7,21.97,15.0028,304705
2010-02-09,22.21,22.34,21.82,22.09,15.0848,201768
2010-02-10,22.07,22.37,21.73,22.26,15.200999999999999,302026
2010-02-11,22.27,22.4,21.95,22.3,15.228,263151
2010-02-12,22.14,22.33,21.98,22.3,15.228,239329
2010-02-16,22.46,22.58,22.09,22.58,15.4192,191568
2010-02-17,22.73,22.73,22.445,22.64,15.4603,265507
2010-02-18,22.7,22.99,22.59,22.99,15.6993,245264
2010-02-19,23.0,23.39,22.98,23.18,15.8292,275350
2010-02-22,23.33,23.84,23.27,23.7,16.1842,241361
2010-02-23,23.7,23.76,23.23,23.25,15.8771,366810
2010-02-24,23.37,24.0,23.24,23.85,16.2866,341311
2010-02-25,23.36,23.59,23.11,23.57,16.2523,324586
2010-02-26,23.65,23.65,22.5,22.8,15.7211,702892
2010-03-01,22.94,23.26,22.82,23.07,15.9075,456778
2010-03-02,23.19,23.3,23.02,23.08,15.9142,594793
2010-03-03,23.19,23.33,22.9,23.01,15.8662,376901
2010-03-04,23.13,23.54,22.99,23.4,16.135,271752
2010-03-05,23.54,24.08,23.38,24.08,16.6036,376197
2010-03-08,24.12,24.22,23.93,24.18,16.673,290446
2010-03-09,24.11,24.24,23.75,23.92,16.4939,530953
2010-03-10,23.98,24.32,23.91,24.2,16.6865,475330
2010-03-11,24.04,24.42,24.02,24.42,16.8383,363009
2010-03-12,24.5,24.5,24.13,24.3,16.7555,306937
2010-03-15,24.37,24.5,24.23,24.47,16.8727,414669
2010-03-16,24.5,24.5,24.21,24.42,16.8383,207874
2010-03-17,24.45,24.93,24.4,24.87,17.1485,239882
2010-03-18,24.86,25.28,24.74,25.11,17.3141,347811
2010-03-19,25.25,25.47,24.85,25.06,17.28,703855
2010-03-22,24.87,25.25,24.72,25.07,17.2866,250135
2010-03-23,25.16,25.22,24.68,25.01,17.2451,250421
2010-03-24,25.01,25.185,24.67,24.69,17.0244,194233
2010-03-25,24.95,25.47,24.73,24.75,17.0658,268741
2010-03-26,24.82,25.01,24.35,24.44,16.8521,156483
2010-03-29,24.57,24.61,24.27,24.5,16.8934,144029
2010-03-30,24.56,24.7,24.29,24.43,16.8451,164750
2010-03-31,24.26,24.85,24.26,24.43,16.8451,350885
2010-04-01,24.57,24.82,24.18,24.53,16.9143,214455
2010-04-05,24.59,24.86,24.338,24.86,17.1416,184062
2010-04-06,24.69,25.22,24.5,25.12,17.3212,301337
2010-04-07,24.98,25.24,24.75,24.96,17.2108,211644
2010-04-08,24.83,25.15,24.76,25.02,17.2522,182925
2010-04-09,25.03,25.2,24.575,25.2,17.3764,206390
2010-04-12,25.29,25.32,25.05,25.28,17.4312,177844
2010-04-13,25.19,25.26,24.97,25.26,17.4176,248818
2010-04-14,25.28,25.73,25.11,25.73,17.7419,298592
2010-04-15,25.62,26.21,25.62,26.06,17.969,315881
2010-04-16,26.07,26.0962,25.485,25.53,17.6035,330188
2010-04-19,25.39,25.73,24.89,25.37,17.4933,187966
2010-04-20,25.46,25.89,25.28,25.86,17.8313,199290
2010-04-21,25.91,26.87,25.75,26.5,18.2726,412706
2010-04-22,26.3,26.545,26.14,26.53,18.2932,363822
2010-04-23,26.56,26.88,26.25,26.83,18.5,251663
2010-04-26,26.17,26.5,25.52,25.53,17.6035,340584
2010-04-27,25.43,25.91,24.83,24.87,17.1485,476183
2010-04-28,25.0,25.11,24.38,24.51,16.9004,511353
2010-04-29,24.63,25.165,24.31,24.98,17.2247,426947
2010-04-30,24.9,25.45,24.47,24.48,16.8797,521064
2010-05-03,24.65,24.73,24.14,24.51,16.9004,635110
2010-05-04,24.25,24.25,23.55,23.72,16.3557,502828
2010-05-05,23.45,24.01,23.23,23.5,16.2037,475256
2010-05-06,23.33,23.65,21.82,22.85,15.7561,462932
2010-05-07,22.84,23.22,22.33,22.5,15.5146,564165
2010-05-10,23.38,23.76,23.13,23.66,16.3142,370424
2010-05-11,23.38,24.41,23.38,24.03,16.5694,342919
2010-05-12,24.05,24.69,23.9,24.52,16.9071,305374
2010-05-13,24.4,24.67,24.1098,24.18,16.673,254183
2010-05-14,24.02,24.24,23.45,23.82,16.4248,338413
2010-05-17,23.91,24.17,23.28,23.83,16.4313,241106
2010-05-18,24.12,24.23,23.12,23.28,16.0521,235767
2010-05-19,23.14,23.78,22.86,23.13,15.9489,210853
2010-05-20,22.61,22.84,21.85,21.89,15.094000000000001,470379
2010-05-21,21.84,22.9,21.7601,22.78,15.7072,717455
2010-05-24,22.7,22.7,21.96,22.0,15.1696,326330
2010-05-25,21.59,22.4,21.44,22.36,15.418,440068
2010-05-26,22.48,22.65,22.08,22.2,15.3076,288296
2010-05-27,22.24,22.83,22.12,22.75,15.8511,269464
2010-05-28,22.73,22.77,22.18,22.37,15.5861,399021
2010-06-01,22.34,22.53,21.66,21.66,15.0917,350850
2010-06-02,21.67,22.1,21.51,21.96,15.3005,781308
2010-06-03,22.07,22.09,21.56,22.0,15.3286,314959
2010-06-04,21.48,21.62,20.89,20.94,14.59,557843
2010-06-07,20.94,21.3,20.67,20.86,14.5344,327013
2010-06-08,20.82,20.95,20.42,20.8975,14.5605,499121
2010-06-09,21.02,21.03,20.4,20.48,14.2695,330565
2010-06-10,20.84,21.27,20.45,21.24,14.7988,355332
2010-06-11,20.92,21.32,20.79,21.24,14.7988,228528
2010-06-14,21.47,21.79,21.37,21.39,14.9034,282525
2010-06-15,21.43,22.03,21.4,22.01,15.3356,317075
2010-06-16,21.8,22.06,21.72,21.84,15.217,282371
2010-06-17,21.85,22.0,21.49,21.68,15.1056,186498
2010-06-18,21.75,21.83,21.34,21.67,15.0986,486436
2010-06-21,21.93,21.98,21.16,21.23,14.7918,332932
2010-06-22,21.32,21.86,21.19,21.21,14.7778,230093
2010-06-23,21.14,21.32,20.88,20.94,14.59,202412
2010-06-24,20.77,20.96,20.55,20.66,14.395,251790
2010-06-25,20.78,21.32,20.61,21.23,14.7918,589842
2010-06-28,21.14,21.56,21.05,21.41,14.9176,195041
2010-06-29,21.05,21.3,20.77,21.19,14.7642,619846
2010-06-30,21.21,21.54,20.81,20.82,14.5061,427055
2010-07-01,20.76,20.98,20.09,20.42,14.2276,288741
2010-07-02,20.49,20.6,19.97,20.28,14.1301,195289
2010-07-06,20.54,20.82,20.03,20.15,14.0396,220786
2010-07-07,20.23,21.06,20.23,21.01,14.6387,298394
2010-07-08,21.14,21.47,20.98,21.41,14.9176,304479
2010-07-09,21.36,21.67,21.18,21.62,15.0638,163812
2010-07-12,21.47,21.72,21.39,21.46,14.9525,200422
2010-07-13,21.68,22.37,21.595,22.3,15.5374,348219
2010-07-14,22.16,22.16,21.52,21.72,15.1335,242838
2010-07-15,21.68,21.7,21.14,21.47,14.9589,289005
2010-07-16,21.29,21.32,20.34,20.53,14.304,416674
2010-07-19,20.9,21.25,20.42,20.82,14.5061,465898
2010-07-20,20.51,20.86,20.29,20.84,14.5203,201724
2010-07-21,20.9,21.1,19.85,19.87,13.8443,299315
2010-07-22,20.15,21.0,20.01,20.95,14.5971,375918
2010-07-23,20.82,21.11,20.51,20.93,14.5825,309997
2010-07-26,21.07,21.49,20.73,21.07,14.6806,522643
2010-07-27,21.14,21.44,21.03,21.07,14.6806,392668
2010-07-28,21.93,22.6,21.8,22.23,15.4889,517666
2010-07-29,22.33,22.51,21.77,21.9,15.2591,435623
2010-07-30,21.68,22.22,21.45,22.0,15.3286,456462
2010-08-02,22.15,22.5,22.01,22.26,15.5097,242488
2010-08-03,22.11,22.7,21.98,22.21,15.4747,239714
2010-08-04,22.27,22.71,22.27,22.46,15.6488,200936
2010-08-05,22.36,22.36,21.92,22.14,15.4261,185412
2010-08-06,21.87,22.09,21.36,21.69,15.1126,215117
2010-08-09,21.85,22.26,21.69,22.19,15.4607,176993
2010-08-10,22.01,22.07,21.59,21.7,15.1193,231112
2010-08-11,21.29,21.42,20.79,20.82,14.5061,432582
2010-08-12,20.55,20.74,20.34,20.54,14.3111,245583
2010-08-13,20.42,20.55,20.21,20.25,14.1093,259850
2010-08-16,20.11,20.53,20.11,20.39,14.2065,178212
2010-08-17,20.54,20.86,20.27,20.68,14.4088,203149
2010-08-18,20.62,20.8392,20.31,20.68,14.4088,228262
2010-08-19,20.58,20.6,19.74,20.04,13.963,385301
2010-08-20,19.92,20.01,19.33,19.86,13.8372,332621
2010-08-23,19.91,20.14,19.57,19.61,13.6633,253466
2010-08-24,19.39,19.53,19.1,19.3,13.4468,276476
2010-08-25,19.14,19.36,18.83,19.285,13.4367,289084
2010-08-26,19.32,19.6,19.0107,19.11,13.3146,273846
2010-08-27,19.34,19.74,19.15,19.74,13.7539,381477
2010-08-30,19.57,19.65,18.89,18.89,13.3165,398164
2010-08-31,18.95,19.28,18.85,19.07,13.4439,393940
2010-09-01,19.22,19.82,19.185,19.78,13.9438,434712
2010-09-02,19.64,19.79,19.35,19.58,13.802999999999999,295750
2010-09-03,19.78,20.42,19.74,20.4,14.3812,340067
2010-09-07,20.38,20.52,19.98,20.02,14.1135,359676
2010-09-08,20.05,20.47,20.05,20.24,14.2682,241115
2010-09-09,20.41,20.74,20.29,20.36,14.3532,278646
2010-09-10,20.49,20.74,20.41,20.5,14.4519,229053
2010-09-13,20.68,21.2,20.64,21.09,14.8675,334186
2010-09-14,21.11,21.11,20.52,20.64,14.5507,258244
2010-09-15,20.6,20.82,20.36,20.69,14.5857,255078
2010-09-16,20.61,20.68,20.31,20.62,14.5363,195360
2010-09-17,20.84,21.18,20.39,20.68,14.5787,354388
2010-09-20,20.7,21.4,20.525,21.37,15.0651,281871
2010-09-21,21.33,21.57,21.01,21.02,14.8182,212351
2010-09-22,20.89,21.14,20.27,20.45,14.4166,241874
2010-09-23,20.4,21.91,20.4,21.12,14.8888,674459
2010-09-24,21.45,21.73,21.2505,21.72,15.3117,319395
2010-09-27,21.7,21.7,21.38,21.44,15.1144,275406
2010-09-28,21.43,21.76,21.15,21.72,15.3117,288292
2010-09-29,21.54,21.71,21.34,21.57,15.206,314498
2010-09-30,21.8,22.19,21.67,21.74,15.3258,558992
2010-10-01,21.76,22.02,21.58,21.82,15.3823,316430
2010-10-04,21.79,21.93,21.3,21.56,15.1992,295196
2010-10-05,21.87,22.39,21.63,22.33,15.7419,346714
2010-10-06,22.37,22.61,21.67,21.97,15.4881,766436
2010-10-07,22.06,22.25,21.568,21.73,15.319,251900
2010-10-08,21.76,21.97,21.51,21.83,15.3892,219659
2010-10-11,21.87,21.92,21.56,21.84,15.3963,240262
2010-10-12,21.74,22.0,21.56,21.86,15.4104,238763
2010-10-13,21.94,22.54,21.5975,22.17,15.6289,401668
2010-10-14,22.07,22.31,21.75,21.93,15.4597,228846
2010-10-15,22.21,22.22,21.59,21.64,15.2556,340764
2010-10-18,21.71,22.46,21.63,22.44,15.8193,284417
2010-10-19,22.09,22.64,21.84,22.09,15.5726,298168
2010-10-20,22.16,22.61,21.9,22.45,15.8265,236876
2010-10-21,22.61,22.81,22.05,22.34,15.7486,274862
2010-10-22,22.46,22.93,22.45,22.77,16.0517,349254
2010-10-25,22.88,23.0,22.27,22.33,15.7419,280909
2010-10-26,22.14,22.32,21.85,22.2,15.6502,1036451
2010-10-27,22.04,22.62,22.0,22.3,15.7205,478443
2010-10-28,22.39,22.39,22.0,22.24,15.6783,363521
2010-10-29,22.08,22.32,22.0,22.09,15.5726,412589
2010-11-01,22.12,22.25,21.84,22.0,15.5095,732782
2010-11-02,22.17,22.31,21.84,22.08,15.5655,506947
2010-11-03,22.05,22.54,22.05,22.54,15.8901,272385
2010-11-04,22.89,23.2,22.82,23.1,16.2847,499227
2010-11-05,23.09,23.67,22.99,23.54,16.5949,292076
2010-11-08,23.38,23.57,22.89,23.18,16.3411,259255
2010-11-09,23.19,23.36,22.52,22.59,15.9253,328962
2010-11-10,22.59,22.96,22.46,22.91,16.1507,268324
2010-11-11,22.6,22.82,22.48,22.7,16.0026,184968
2010-11-12,22.47,22.62,22.28,22.38,15.7772,233615
2010-11-15,22.46,22.91,22.37,22.63,15.9532,140461
2010-11-16,22.43,22.58,22.13,22.29,15.7136,332119
2010-11-17,22.28,22.3075,21.95,21.99,15.5021,178957
2010-11-18,22.3,22.45,22.14,22.26,15.6925,181254
2010-11-19,22.25,22.28,21.85,22.24,15.6783,225070
2010-11-22,22.11,22.17,21.82,22.08,15.5655,228685
2010-11-23,21.83,22.011999999999997,21.71,21.93,15.4597,283822
2010-11-24,22.09,22.33,21.96,22.26,15.6925,254343
2010-11-26,22.11,22.39,21.94,21.96,15.4812,84972
2010-11-29,21.63,21.95,21.48,21.87,15.5808,260391
2010-11-30,21.61,21.72,21.29,21.34,15.2031,482399
2010-12-01,21.71,22.28,21.71,22.24,15.8442,448557
2010-12-02,22.22,22.75,21.94,22.65,16.1363,392370
2010-12-03,22.53,23.01,22.24,22.9475,16.3485,357245
2010-12-06,22.83,23.2,22.78,23.03,16.4071,254474
2010-12-07,23.25,23.52,23.22,23.3,16.5997,271129
2010-12-08,23.26,23.81,23.26,23.71,16.8914,336944
2010-12-09,23.9,24.17,23.81,24.06,17.1409,297432
2010-12-10,24.18,24.47,23.86,24.45,17.4189,298906
2010-12-13,24.47,24.64,24.24,24.36,17.3545,263778
2010-12-14,24.38,24.79,24.3002,24.68,17.5829,301293
2010-12-15,24.69,25.15,24.27,24.31,17.3189,350554
2010-12-16,24.33,24.87,24.28,24.6,17.5257,214829
2010-12-17,24.56,24.78,24.35,24.43,17.4046,1054848
2010-12-20,24.47,24.77,24.27,24.37,17.3617,250982
2010-12-21,24.46,24.955,24.46,24.88,17.7252,238616
2010-12-22,24.9,26.08,24.73,25.65,18.2737,429776
2010-12-23,25.65,25.66,25.21,25.26,17.9959,201595
2010-12-27,25.14,25.44,25.06,25.41,18.1029,168601
2010-12-28,25.36,25.69,25.23,25.51,18.1739,182218
2010-12-29,25.63,25.63,25.29,25.3,18.0247,93401
2010-12-30,25.11,25.32,24.93,25.17,17.9317,214543
2010-12-31,25.0,25.49,24.84,24.84,17.6964,287341
2011-01-03,25.07,25.77,24.96,25.64,18.2665,428781
2011-01-04,25.86,25.86,25.16,25.5,18.1667,551285
2011-01-05,25.38,25.69,25.33,25.63,18.2597,272436
2011-01-06,25.49,25.62,25.12,25.18,17.9388,195942
2011-01-07,25.28,25.445,24.42,24.54,17.4829,280147
2011-01-10,24.34,24.83,24.05,24.7,17.597,281986
2011-01-11,24.84,25.08,24.55,24.75,17.6323,172030
2011-01-12,25.03,25.13,24.75,24.96,17.7818,185933
2011-01-13,24.85,25.08,24.19,24.67,17.5754,280575
2011-01-14,24.67,25.87,24.56,25.83,18.402,320153
2011-01-18,25.66,26.14,25.34,26.14,18.6227,431238
2011-01-19,25.95,26.06,25.2,25.23,17.9744,546434
2011-01-20,25.04,25.48,24.97,25.03,17.8319,217918
2011-01-21,25.14,25.36,25.05,25.12,17.896,240693
2011-01-24,25.15,25.44,25.04,25.07,17.8607,165012
2011-01-25,24.88,25.43,24.85,25.4,18.0959,241596
2011-01-26,25.37,25.47,24.59,24.81,17.6754,509729
2011-01-27,24.82,24.95,24.51,24.79,17.660999999999998,272206
2011-01-28,24.74,25.01,24.05,24.07,17.1479,439839
2011-01-31,24.26,24.59,23.97,23.99,17.0909,500696
2011-02-01,24.26,24.71,24.04,24.56,17.4973,270110
2011-02-02,24.43,24.701,24.29,24.29,17.3046,223915
2011-02-03,24.24,24.489,24.03,24.32,17.3259,229051
2011-02-04,24.43,24.47,24.13,24.29,17.3046,192375
2011-02-07,24.28,24.81,24.26,24.5,17.4545,207125
2011-02-08,24.38,24.59,24.29,24.57,17.5042,162234
2011-02-09,24.39,24.59,24.13,24.26,17.2835,155007
2011-02-10,24.18,24.38,24.01,24.15,17.2051,127725
2011-02-11,24.01,24.7,24.0,24.69,17.5897,200788
2011-02-14,24.62,24.75,24.25,24.46,17.4261,170665
2011-02-15,24.29,24.56,24.13,24.39,17.3763,242714
2011-02-16,24.54,24.72,24.37,24.59,17.5185,194213
2011-02-17,24.61,24.68,24.44,24.56,17.4973,171450
2011-02-18,24.7,24.74,24.55,24.66,17.5684,300108
2011-02-22,24.32,24.404,23.9,23.97,17.0768,243278
2011-02-23,24.05,24.19,23.56,23.66,16.8558,265145
2011-02-24,23.69,23.92,23.02,23.22,16.5426,437896
2011-02-25,23.08,23.32,23.01,23.28,16.7513,396115
2011-02-28,23.27,23.67,23.12,23.45,16.8732,360944
2011-03-01,23.43,23.43,22.76,22.83,16.4275,579789
2011-03-02,22.8,22.85,22.09,22.25,16.0098,632514
2011-03-03,22.44,22.84,22.44,22.81,16.4131,512241
2011-03-04,22.75,22.86,22.47,22.81,16.4131,389188
2011-03-07,22.84,22.98,22.43,22.51,16.1969,404591
2011-03-08,22.5,23.33,22.5,23.105,16.6253,354314
2011-03-09,22.99,23.23,22.75,22.84,16.4344,255959
2011-03-10,22.57,22.65,22.25,22.44,16.1466,509791
2011-03-11,22.38,22.7,22.17,22.27,16.0242,348972
2011-03-14,21.95,22.35,21.95,22.27,16.0242,333219
2011-03-15,21.65,22.39,21.57,22.18,15.9597,442525
2011-03-16,22.1,22.25,21.81,21.89,15.7511,567354
2011-03-17,22.16,22.29,21.83,21.9,15.7581,323701
2011-03-18,22.08,22.42,22.05,22.27,16.0242,466407
2011-03-21,22.51,22.97,22.28,22.85,16.4419,315373
2011-03-22,22.87,23.14,22.62,22.67,16.3122,229316
2011-03-23,22.56,22.7,22.17,22.43,16.1394,288132
2011-03-24,22.52,22.58,22.22,22.43,16.1394,203592
2011-03-25,22.54,23.09,22.39,22.47,16.1683,286002
2011-03-28,22.66,22.95,22.56,22.82,16.4199,358014
2011-03-29,22.82,23.18,22.8,23.01,16.5569,206945
2011-03-30,23.03,23.37,23.02,23.28,16.7513,180342
2011-03-31,23.12,23.48,23.05,23.42,16.8518,293404
2011-04-01,23.42,23.88,23.4,23.68,17.039,279690
2011-04-04,23.65,23.96,23.56,23.74,17.0821,260463
2011-04-05,23.78,23.98,23.7,23.79,17.1183,191449
2011-04-06,23.97,24.32,23.91,24.3,17.4852,212367
2011-04-07,24.35,24.5,24.13,24.27,17.4636,271634
2011-04-08,24.47,24.5,23.93,23.95,17.2333,185622
2011-04-11,24.01,24.16,23.69,23.77,17.1037,125338
2011-04-12,23.61,23.67,23.29,23.34,16.7947,198841
2011-04-13,23.56,23.56,22.81,22.96,16.5208,439350
2011-04-14,22.87,23.08,22.62,23.03,16.570999999999998,186096
2011-04-15,22.96,23.39,22.754,23.34,16.7947,257308
2011-04-18,23.1,23.23,22.74,22.83,16.4275,254352
2011-04-19,23.02,23.12,22.56,22.7,16.334,233422
2011-04-20,23.01,23.08,22.65,22.83,16.4275,231302
2011-04-21,23.04,23.1,22.51,23.07,16.6001,174343
2011-04-25,23.01,23.36,22.9,23.28,16.7513,153980
2011-04-26,23.34,23.5,23.12,23.37,16.816,273986
2011-04-27,23.35,23.65,23.07,23.2,16.6936,345802
2011-04-28,23.14,23.4,23.1,23.39,16.8303,275781
2011-04-29,23.51,23.51,23.08,23.24,16.722,234109
2011-05-02,23.01,23.63,23.01,23.23,16.7155,376402
2011-05-03,23.13,23.5,23.13,23.35,16.8018,200154
2011-05-04,23.44,23.44,23.16,23.29,16.7581,382040
2011-05-05,23.19,23.66,23.02,23.35,16.8018,297727
2011-05-06,23.66,23.66,23.2,23.31,16.7726,257600
2011-05-09,23.31,23.48,23.21,23.34,16.7947,163567
2011-05-10,23.5,23.76,23.47,23.65,17.0171,126328
2011-05-11,23.67,23.71,23.46,23.5,16.9095,207408
2011-05-12,23.42,23.94,23.35,23.81,17.1326,235729
2011-05-13,23.85,23.85,23.3,23.505,16.9133,335744
2011-05-16,23.41,23.58,23.38,23.5,16.9095,300183
2011-05-17,23.41,23.67,23.4,23.58,16.9672,269658
2011-05-18,23.7,23.72,23.44,23.72,17.0676,207011
2011-05-19,23.9,23.9,23.5,23.79,17.1183,232270
2011-05-20,23.62,23.81,23.54,23.66,17.0245,301210
2011-05-23,23.43,23.52,23.22,23.26,16.7366,333074
2011-05-24,23.32,23.35,23.13,23.26,16.7366,374236
2011-05-25,23.12,23.41,23.1101,23.41,16.8447,314608
2011-05-26,23.41,23.64,23.31,23.62,16.9957,261277
2011-05-27,23.46,23.6079,23.4,23.51,17.0828,173306
2011-05-31,23.72,23.9497,23.52,23.84,17.3232,442895
2011-06-01,24.47,24.47,23.31,23.38,16.9885,530356
2011-06-02,23.5,23.57,23.26,23.4,17.0032,408014
2011-06-03,23.08,23.36,23.05,23.15,16.8214,406856
2011-06-06,23.09,23.33,23.0,23.1,16.7853,398763
2011-06-07,23.25,23.42,23.09,23.21,16.8647,275755
2011-06-08,23.18,23.25,22.95,22.97,16.6908,205689
2011-06-09,23.08,23.15,22.82,22.92,16.6543,135543
2011-06-10,22.88,22.91,22.27,22.45,16.3128,419319
2011-06-13,22.6,22.79,22.32,22.645,16.4547,213491
2011-06-14,22.91,23.22,22.78,23.03,16.7342,212199
2011-06-15,22.97,22.97,22.33,22.51,16.3563,310363
2011-06-16,22.56,22.95,22.48,22.91,16.6469,170062
2011-06-17,23.02,23.35,22.92,23.09,16.778,483513
2011-06-20,23.08,23.52,23.08,23.27,16.9084,183466
2011-06-21,23.53,23.53,23.24,23.4,17.0032,297301
2011-06-22,23.33,23.51,23.06,23.08,16.7706,198251
2011-06-23,22.89,22.89,22.37,22.76,16.5376,326125
2011-06-24,22.86,22.91,22.5828,22.7,16.4946,404101
2011-06-27,22.66,23.19,22.66,22.98,16.6978,265373
2011-06-28,23.02,23.21,22.83,23.2,16.8577,166773
2011-06-29,23.32,23.47,23.0,23.44,17.0323,215568
2011-06-30,23.56,23.59,23.31,23.41,17.0102,236242
2011-07-01,23.48,24.14,23.35,23.85,17.33,324497
2011-07-05,23.74,23.98,23.29,23.48,17.0612,316158
2011-07-06,23.49,23.73,23.35,23.73,17.243,265911
2011-07-07,23.89,24.05,23.78,24.0,17.4392,292414
2011-07-08,23.76,23.78,23.59,23.7,17.221,168046
2011-07-11,23.47,23.53,23.2,23.29,16.9231,221436
2011-07-12,23.29,23.76,23.18,23.47,17.0539,155592
2011-07-13,23.66,23.89,23.48,23.59,17.141,171045
2011-07-14,23.75,23.75,22.91,22.98,16.6978,283696
2011-07-15,23.0,23.08,22.8,22.93,16.6617,270955
2011-07-18,22.71,22.95,22.4,22.47,16.3272,231052
2011-07-19,22.67,23.14,22.511999999999997,23.06,16.7559,231317
2011-07-20,23.13,23.33,22.95,23.14,16.8139,198100
2011-07-21,23.29,23.76,23.259,23.57,17.1268,160706
2011-07-22,23.64,23.75,23.23,23.45,17.0393,152018
2011-07-25,23.25,23.42,22.95,23.22,16.8724,159227
2011-07-26,23.33,23.33,22.96,22.97,16.6908,145670
2011-07-27,23.22,23.24,22.2599,22.27,16.182000000000002,435978
2011-07-28,22.34,22.34,21.86,21.87,15.8914,303654
2011-07-29,21.7,22.0699,21.6,21.79,15.8331,281687
2011-08-01,22.11,22.11,21.49,21.73,15.7895,388556
2011-08-02,21.68,21.81,21.18,21.2,15.4047,291265
2011-08-03,21.32,21.48,20.8,21.45,15.5859,270819
2011-08-04,21.21,21.4,20.53,20.56,14.9395,379261
2011-08-05,20.75,21.18,20.03,20.31,14.7576,362735
2011-08-08,19.72,20.47,18.88,18.89,13.725999999999999,924518
2011-08-09,19.42,20.38,18.59,20.38,14.8086,1044657
2011-08-10,19.85,20.25,19.23,19.33,14.0456,749842
2011-08-11,19.41,20.68,19.24,20.39,14.815999999999999,553255
2011-08-12,20.63,20.7,19.93,20.04,14.5619,747144
2011-08-15,20.3,20.68,20.24,20.66,15.012,380546
2011-08-16,20.51,20.63,20.1,20.43,14.8448,441868
2011-08-17,20.59,20.88,20.42,20.65,15.0048,352872
2011-08-18,20.03,20.03,19.5,19.74,14.3438,831873
2011-08-19,19.54,20.11,19.26,19.28,14.0093,649756
2011-08-22,19.71,19.71,19.12,19.2,13.9515,445084
2011-08-23,19.31,20.25,19.04,20.19,14.6706,467832
2011-08-24,20.22,20.79,19.94,20.59,14.9614,281196
2011-08-25,20.85,21.45,19.94,20.09,14.5982,389519
2011-08-26,19.92,20.71,19.59,20.49,14.8885,227873
2011-08-29,20.71,21.69,20.71,21.66,15.739,539132
2011-08-30,21.4,21.45,20.87,21.09,15.4891,298133
2011-08-31,21.28,21.62,20.97,21.5,15.79,661828
2011-09-01,21.47,21.7,20.315,20.42,14.9968,349031
2011-09-02,19.98,20.49,19.37,19.43,14.27,638120
2011-09-06,18.85,19.56,18.85,19.28,14.1597,810710
2011-09-07,19.66,20.3396,19.51,20.2,14.8355,667000
2011-09-08,20.03,20.32,19.67,19.8,14.5414,363590
2011-09-09,19.59,19.93,19.0503,19.22,14.1156,481788
2011-09-12,18.94,19.67,18.901,19.63,14.4168,225130
2011-09-13,19.71,20.3,19.52,19.96,14.6593,373264
2011-09-14,20.17,20.17,19.65,19.93,14.637,540066
2011-09-15,20.2,20.51,19.88,20.46,15.0262,360518
2011-09-16,20.59,20.63,19.99,20.24,14.8649,1224017
2011-09-19,19.84,20.0266,19.35,19.55,14.357999999999999,266697
2011-09-20,19.7,19.84,19.13,19.13,14.0495,327954
2011-09-21,19.16,19.1999,18.1,18.18,13.352,639021
2011-09-22,17.64,18.47,17.62,18.36,13.4839,633972
2011-09-23,18.24,18.86,18.24,18.53,13.6089,605408
2011-09-26,18.71,19.03,18.29,19.0,13.954,436305
2011-09-27,19.44,19.57,18.97,19.17,14.079,380562
2011-09-28,19.24,19.43,18.1,18.12,13.3077,333542
2011-09-29,18.57,18.92,18.21,18.89,13.8736,348125
2011-09-30,18.63,19.05,18.13,18.15,13.3297,424200
2011-10-03,18.04,18.6,17.22,17.23,12.654000000000002,520396
2011-10-04,17.06,19.11,17.06,19.1,14.0273,673663
2011-10-05,18.97,19.47,18.6,19.31,14.1817,405827
2011-10-06,19.22,20.22,19.01,20.09,14.7545,494781
2011-10-07,20.14,20.21,18.9,18.94,13.9101,538766
2011-10-10,19.29,20.11,19.1,20.09,14.7545,438163
2011-10-11,19.84,20.55,19.77,20.43,15.0043,368187
2011-10-12,20.58,21.43,20.39,20.95,15.3862,443930
2011-10-13,20.69,20.74,20.03,20.47,15.0339,265518
2011-10-14,20.65,20.91,20.15,20.79,15.2687,241185
2011-10-17,20.52,20.52,19.88,19.95,14.6516,378873
2011-10-18,20.07,21.87,19.97,21.47,15.7681,698129
2011-10-19,21.39,21.69,21.03,21.24,15.5991,458275
2011-10-20,21.24,21.65,20.81,21.49,15.7827,225730
2011-10-21,21.9,21.95,21.39,21.86,16.0547,686629
2011-10-24,21.86,22.729,21.71,22.52,16.5392,460360
2011-10-25,22.38,22.42,21.67,21.78,15.9958,435575
2011-10-26,22.0,22.48,21.45,22.26,16.3484,368250
2011-10-27,22.66,23.29,22.64,23.2,17.0387,845482
2011-10-28,23.13,23.36,22.62,22.76,16.7156,458100
2011-10-31,22.38,22.89,22.0,22.14,16.2602,342287
2011-11-01,21.26,21.92,20.83,20.9,15.3495,733291
2011-11-02,21.33,21.99,21.27,21.91,16.0912,418257
2011-11-03,22.21,22.77,21.56,22.59,16.5905,378400
2011-11-04,22.37,22.6,22.02,22.45,16.4878,335912
2011-11-07,22.44,22.74,21.89,22.64,16.6273,251436
2011-11-08,22.83,23.06,22.25,22.97,16.87,357272
2011-11-09,22.31,22.48,21.63,21.66,15.9077,489712
2011-11-10,22.06,22.31,21.69,21.98,16.1427,302104
2011-11-11,22.28,22.62,22.1701,22.45,16.4878,312293
2011-11-14,22.3,22.38,21.73,21.98,16.1427,307853
2011-11-15,21.79,22.505,21.53,22.35,16.4145,291897
2011-11-16,22.06,22.76,21.9728,22.05,16.1942,325697
2011-11-17,21.82,22.37,21.54,21.56,15.834000000000001,583569
2011-11-18,21.76,22.14,21.47,22.03,16.1793,300261
2011-11-21,21.61,21.778000000000002,21.01,21.24,15.5991,352869
2011-11-22,21.31,21.57,20.95,21.2,15.5698,241864
2011-11-23,21.01,21.23,20.23,20.28,14.8941,417915
2011-11-25,20.18,20.65,20.12,20.14,14.7912,122979
2011-11-28,20.85,20.94,20.58,20.81,15.2837,508820
2011-11-29,20.36,20.74,20.19,20.45,15.187000000000001,397744
2011-11-30,21.3,22.366999999999997,20.962,22.36,16.6051,661118
2011-12-01,22.37,22.5,21.91,22.08,16.3973,417471
2011-12-02,22.51,22.89,22.38,22.48,16.6945,376115
2011-12-05,22.94,23.09,22.6,22.92,17.0214,335857
2011-12-06,22.88,23.14,22.68,22.91,17.0136,372050
2011-12-07,22.76,22.94,22.13,22.67,16.8357,580490
2011-12-08,22.49,22.6,21.88,21.9,16.2636,308832
2011-12-09,22.08,22.96,22.08,22.8,16.932000000000002,385245
2011-12-12,22.48,22.66,22.22,22.66,16.8282,359589
2011-12-13,22.9,22.99,22.0,22.17,16.4643,299266
2011-12-14,21.88,22.52,21.69,22.02,16.3528,401077
2011-12-15,22.5,22.7,22.07,22.61,16.7907,455268
2011-12-16,22.77,23.31,22.52,22.72,16.8726,1347597
2011-12-19,22.94,23.07,22.08,22.21,16.494,318585
2011-12-20,22.84,23.28,22.82,23.22,17.244,577226
2011-12-21,23.13,23.74,22.88,23.67,17.5778,401932
2011-12-22,23.78,24.62,23.7028,24.29,18.0387,604137
2011-12-23,24.43,24.52,24.1,24.23,17.9939,141321
2011-12-27,24.16,24.53,24.06,24.43,18.1424,393104
2011-12-28,24.46,24.53,24.05,24.17,17.9496,232758
2011-12-29,24.34,24.78,24.19,24.6,18.2688,327847
2011-12-30,24.41,24.5695,24.12,24.29,18.0387,285316
2012-01-03,24.89,25.25,24.64,24.86,18.4618,330036
2012-01-04,24.47,24.83,24.28,24.67,18.3206,381216
2012-01-05,24.54,25.5,24.26,25.37,18.8408,311750
2012-01-06,25.31,25.38,24.84,25.17,18.6921,298086
2012-01-09,25.25,25.61,24.98,25.47,18.9149,341674
2012-01-10,25.87,25.87,25.3409,25.52,18.9517,360098
2012-01-11,25.12,25.48,24.82,25.44,18.8927,286370
2012-01-12,25.45,25.6,25.07,25.45,18.8999,275694
2012-01-13,25.08,25.49,24.87,25.42,18.8777,331681
2012-01-17,25.57,25.8846,25.31,25.37,18.8408,246378
2012-01-18,25.33,25.64,25.11,25.47,18.9149,343193
2012-01-19,25.6,25.6,25.24,25.45,18.8999,491706
2012-01-20,25.38,25.68,25.13,25.65,19.0487,385320
2012-01-23,25.69,25.79,25.42,25.65,19.0487,284150
2012-01-24,25.52,25.705,25.2,25.66,19.0559,327957
2012-01-25,25.29,25.29,23.81,24.63,18.2908,560163
2012-01-26,24.0,24.41,23.5,23.8,17.6747,475107
2012-01-27,23.65,23.95,22.97,23.71,17.6079,453903
2012-01-30,23.41,23.72,23.22,23.57,17.5037,533076
2012-01-31,23.77,23.94,23.33,23.57,17.5037,400385
2012-02-01,23.78,24.21,23.71,23.86,17.7194,539276
2012-02-02,23.85,24.11,23.75,23.92,17.7635,251558
2012-02-03,24.37,24.72,24.26,24.41,18.1278,262212
2012-02-06,24.32,24.47,24.02,24.13,17.9199,144336
2012-02-07,24.06,24.41,23.88,24.1,17.8973,106814
2012-02-08,24.15,24.52,23.85,24.19,17.9642,162910
2012-02-09,24.24,24.32,23.76,24.16,17.942,156717
2012-02-10,23.93,24.0,23.68,23.91,17.7563,152772
2012-02-13,24.22,24.44,24.12,24.3,18.046,177129
2012-02-14,24.21,24.21,23.66,23.89,17.7419,157962
2012-02-15,23.98,24.0,23.44,23.58,17.5113,259797
2012-02-16,23.59,24.48,23.59,24.4,18.1201,266732
2012-02-17,24.41,24.71,24.2801,24.47,18.1722,182075
2012-02-21,24.44,24.49,23.9,24.18,17.9569,235323
2012-02-22,24.16,24.16,23.51,23.53,17.474,223832
2012-02-23,23.52,24.29,23.37,24.25,18.009,217362
2012-02-24,24.23,24.26,23.79,23.885,17.7376,221431
2012-02-27,23.68,24.36,23.56,24.08,17.8827,245448
2012-02-28,23.91,24.22,23.7,23.96,17.9651,187187
2012-02-29,24.01,24.24,23.54,23.58,17.68,263937
2012-03-01,23.75,24.27,23.69,23.77,17.8225,365983
2012-03-02,23.73,23.95,23.03,23.23,17.4179,322989
2012-03-05,23.13,23.58,23.03,23.5,17.6198,228511
2012-03-06,23.2,23.29,22.91,22.96,17.2152,352425
2012-03-07,23.06,23.44,22.86,23.15,17.3577,338034
2012-03-08,23.3,23.52,23.06,23.38,17.5302,256532
2012-03-09,23.39,24.04,23.31,23.78,17.83,227654
2012-03-12,23.83,23.93,23.6005,23.83,17.8675,190007
2012-03-13,24.09,24.63,23.88,24.58,18.43,301351
2012-03-14,24.53,24.87,24.29,24.46,18.3401,207178
2012-03-15,24.58,25.06,24.37,24.93,18.6924,249936
2012-03-16,24.97,25.25,24.66,25.02,18.7596,569524
2012-03-19,25.01,25.72,24.55,25.37,19.0222,292967
2012-03-20,25.15,25.31,24.88,25.08,18.8048,216019
2012-03-21,25.17,25.25,24.88,25.05,18.7819,195788
2012-03-22,24.8,24.89,24.6,24.8,18.5948,198267
2012-03-23,24.74,25.45,24.6,25.36,19.0147,570192
2012-03-26,25.56,25.81,25.43,25.54,19.1496,346221
2012-03-27,25.5,25.6599,25.32,25.34,18.9998,229095
2012-03-28,25.32,25.66,25.2023,25.54,19.1496,190224
2012-03-29,25.29,25.35,24.75,25.18,18.8798,243275
2012-03-30,25.45,25.45,24.96,24.98,18.7297,264958
2012-04-02,24.7,25.38,24.68,25.24,18.9246,337155
2012-04-03,25.26,25.37,24.73,25.04,18.7748,352529
2012-04-04,24.87,24.89,24.35,24.65,18.4824,225933
2012-04-05,24.56,24.66,24.28,24.4,18.295,153478
2012-04-09,24.03,24.26,23.9,24.08,18.0551,199244
2012-04-10,24.11,24.169,23.54,23.67,17.7476,423428
2012-04-11,24.01,24.09,23.79,24.05,18.0329,235794
2012-04-12,24.0,24.57,24.0,24.5,18.3701,221930
2012-04-13,24.34,24.38,23.6,23.62,17.7101,310701
2012-04-16,23.72,24.32,23.586,24.07,18.0475,195971
2012-04-17,24.31,24.9112,24.31,24.59,18.4374,174613
2012-04-18,24.41,24.47,23.88,24.05,18.0329,242910
2012-04-19,24.06,24.44,23.76,24.0,17.9951,195043
2012-04-20,24.43,24.69,24.18,24.18,18.1299,306055
2012-04-23,23.81,23.97,23.69,23.885,17.909000000000002,340439
2012-04-24,23.94,24.38,23.91,24.28,18.2048,209899
2012-04-25,25.74,26.01,24.58,25.35,19.0073,504738
2012-04-26,25.37,25.84,25.19,25.78,19.3299,361595
2012-04-27,25.96,26.16,25.74,26.06,19.5396,652834
2012-04-30,25.94,25.94,25.38,25.45,19.0821,288143
2012-05-01,25.58,25.96,25.33,25.34,18.9998,447363
2012-05-02,25.09,25.72,24.9,25.71,19.2772,385209
2012-05-03,25.63,25.79,25.46,25.57,19.1722,306535
2012-05-04,25.37,25.53,24.81,24.99,18.7376,607331
2012-05-07,24.95,25.59,24.93,25.43,19.0672,279973
2012-05-08,25.2,25.76,25.2,25.75,19.3074,266245
2012-05-09,25.4,25.59,25.05,25.44,19.0748,317747
2012-05-10,25.63,26.04,25.63,25.85,19.3821,287724
2012-05-11,25.53,25.9,25.26,25.52,19.1348,242054
2012-05-14,25.16,25.38,24.96,25.05,18.7819,148434
2012-05-15,25.01,25.39,24.91,24.98,18.7297,164654
2012-05-16,25.08,25.34,24.69,24.71,18.5274,225216
2012-05-17,24.68,24.89,24.3002,24.4,18.295,249701
2012-05-18,24.31,24.7,24.16,24.24,18.175,300114
2012-05-21,24.34,24.58,24.0,24.42,18.31,314792
2012-05-22,24.39,24.79,24.18,24.2,18.145,291543
2012-05-23,24.0,24.24,23.78,24.21,18.1525,381019
2012-05-24,24.13,24.73,23.95,24.73,18.5423,278059
2012-05-25,24.74,24.83,24.52,24.66,18.4899,202999
2012-05-29,24.94,25.22,24.6,25.15,18.8575,534008
2012-05-30,24.81,24.89,24.39,24.43,18.4866,479020
2012-05-31,24.48,24.57,24.16,24.42,18.479,325898
2012-06-01,24.16,24.25,23.65,23.7,17.9341,563422
2012-06-04,23.76,23.96,22.99,23.14,17.5105,398124
2012-06-05,23.03,23.4499,22.97,23.12,17.4955,258525
2012-06-06,23.3,23.57,23.11,23.56,17.8283,208447
2012-06-07,23.85,24.08,23.64,23.68,17.9193,232387
2012-06-08,23.66,24.14,23.42,23.98,18.1461,192618
2012-06-11,24.29,24.29,23.42,23.43,17.7298,224120
2012-06-12,23.69,23.96,23.39,23.73,17.9569,313833
2012-06-13,23.62,24.04,23.375,23.5,17.7827,220655
2012-06-14,23.54,23.88,23.4,23.79,18.0021,320381
2012-06-15,23.77,24.23,23.65,23.95,18.1232,835298
2012-06-18,23.86,24.15,23.81,24.04,18.1914,291209
2012-06-19,24.1,24.55,24.06,24.47,18.5169,311244
2012-06-20,24.52,24.5587,24.17,24.34,18.4186,172034
2012-06-21,24.41,24.46,23.54,23.59,17.8509,296646
2012-06-22,23.79,24.15,23.63,24.05,18.1991,433020
2012-06-25,23.75,23.76,23.425,23.65,17.8962,164308
2012-06-26,23.68,24.15,23.5,23.84,18.04,303351
2012-06-27,23.94,24.35,23.71,24.31,18.3959,117818
2012-06-28,24.13,24.3,23.71,24.3,18.3881,260609
2012-06-29,24.74,24.83,24.38,24.48,18.5243,513309
2012-07-02,24.65,24.95,24.44,24.95,18.88,295372
2012-07-03,24.93,25.28,24.75,25.28,19.13,218856
2012-07-05,25.31,25.4,25.11,25.31,19.1525,250350
2012-07-06,24.98,25.33,24.75,25.29,19.1376,206596
2012-07-09,25.31,25.35,25.11,25.26,19.1146,230405
2012-07-10,25.49,25.67,25.08,25.23,19.0922,225447
2012-07-11,25.38,25.41,25.12,25.29,19.1376,230971
2012-07-12,25.14,25.34,24.96,25.19,19.0617,344455
2012-07-13,25.27,25.8,25.22,25.73,19.4704,338852
2012-07-16,25.71,25.89,25.44,25.67,19.4248,209887
2012-07-17,25.74,26.12,25.37,26.01,19.6822,232470
2012-07-18,25.98,26.23,25.82,26.14,19.7806,361974
2012-07-19,26.35,26.35,25.67,25.69,19.4399,364796
2012-07-20,25.58,25.79,25.4,25.55,19.3338,271705
2012-07-23,25.14,25.49,25.12,25.3,19.1451,258638
2012-07-24,25.42,25.5,24.98,25.24,19.0995,264280
2012-07-25,25.0,25.21,24.55,24.72,18.7061,510300
2012-07-26,24.99,24.99,24.23,24.25,18.3502,365831
2012-07-27,24.45,24.74,24.05,24.53,18.5621,361924
2012-07-30,24.59,24.59,24.28,24.37,18.4413,170037
2012-07-31,24.26,24.5,24.15,24.18,18.2974,345850
2012-08-01,24.38,24.43,23.77,23.78,17.9946,240138
2012-08-02,23.84,23.92,23.67,23.78,17.9946,302650
2012-08-03,24.02,24.63,24.02,24.45,18.5018,270142
2012-08-06,24.44,24.72,24.23,24.23,18.3349,190975
2012-08-07,24.45,24.61,24.18,24.27,18.3657,238290
2012-08-08,24.16,24.4,24.07,24.26,18.3579,177027
2012-08-09,24.25,24.25,23.8201,23.95,18.1232,230310
2012-08-10,23.86,24.02,23.77,23.99,18.1537,170252
2012-08-13,23.97,23.97,23.6,23.89,18.0779,230667
2012-08-14,23.95,24.05,23.77,23.88,18.0706,168346
2012-08-15,23.82,24.02,23.75,24.01,18.1688,229843
2012-08-16,24.0,24.19,23.9,24.08,18.222,205581
2012-08-17,24.04,24.39,24.01,24.37,18.4413,144495
2012-08-20,24.27,24.41,24.12,24.19,18.305,188230
2012-08-21,24.33,24.43,23.93,23.95,18.1232,401665
2012-08-22,23.95,24.05,23.81,23.88,18.0706,225552
2012-08-23,23.92,23.95,23.49,23.74,17.9644,313286
2012-08-24,23.64,24.01,23.64,23.8,18.0098,161776
2012-08-27,23.94,24.039,23.75,23.79,18.0021,108660
2012-08-28,23.83,24.02,23.64,23.94,18.1158,369209
2012-08-29,23.83,24.13,23.37,24.03,18.3601,138231
2012-08-30,23.91,23.94,23.71,23.8,18.1846,118297
2012-08-31,23.96,24.05,23.56,23.69,18.1003,185807
2012-09-04,23.73,24.12,23.46,24.04,18.3679,282662
2012-09-05,24.19,24.27,23.95,24.12,18.4291,418960
2012-09-06,24.26,24.72,24.08,24.59,18.7884,304433
2012-09-07,24.76,24.83,24.5909,24.65,18.834,165350
2012-09-10,24.73,24.73,24.46,24.47,18.6966,157719
2012-09-11,24.5,24.75,24.45,24.55,18.7573,120290
2012-09-12,24.63,24.78,24.47,24.68,18.8569,150918
2012-09-13,24.7,25.28,24.47,25.11,19.1856,293275
2012-09-14,25.16,25.78,24.86,25.54,19.514,310709
2012-09-17,25.52,25.52,25.05,25.14,19.2084,223221
2012-09-18,25.17,25.44,25.01,25.31,19.3383,211595
2012-09-19,25.42,25.54,25.19,25.28,19.3155,166810
2012-09-20,25.16,25.3,25.0,25.19,19.2466,112556
2012-09-21,25.51,25.51,25.19,25.23,19.277,607399
2012-09-24,25.15,25.58,25.15,25.3,19.3307,145039
2012-09-25,25.4,25.67,24.94,25.0,19.1015,291635
2012-09-26,25.08,25.32,24.74,24.81,18.9562,200977
2012-09-27,24.86,24.9288,24.59,24.66,18.8417,311421
2012-09-28,24.5,24.58,24.3382,24.34,18.5971,212049
2012-10-01,24.54,24.6,23.93,24.17,18.4671,484833
2012-10-02,24.36,24.45,24.1201,24.29,18.5592,230458
2012-10-03,24.43,24.67,24.25,24.34,18.5971,228145
2012-10-04,24.47,24.64,24.26,24.5693,18.7724,140652
2012-10-05,24.73,24.96,24.47,24.55,18.7573,135230
2012-10-08,24.49,24.59,24.37,24.46,18.6885,114447
2012-10-09,24.53,24.5776,24.11,24.31,18.5743,148662
2012-10-10,24.38,24.62,24.31,24.48,18.7041,155702
2012-10-11,24.6,24.66,24.4,24.53,18.7424,127966
2012-10-12,24.49,24.51,23.88,23.9203,18.2764,209342
2012-10-15,24.07,24.24,23.82,23.96,18.3067,153420
2012-10-16,24.03,24.03,23.41,23.4788,17.939,206554
2012-10-17,23.53,23.96,23.52,23.77,18.1616,187864
2012-10-18,23.77,23.86,23.62,23.67,18.0852,115528
2012-10-19,23.52,23.66,23.32,23.4499,17.9171,253440
2012-10-22,23.46,23.666,23.27,23.44,17.9095,113199
2012-10-23,23.27,23.66,22.99,23.61,18.0393,422760
2012-10-24,23.79,23.83,23.15,23.34,17.8331,303312
2012-10-25,23.48,23.72,23.39,23.63,18.0545,193267
2012-10-26,23.6,23.72,23.26,23.41,17.8866,135266
2012-10-31,23.39,23.4899,23.11,23.47,17.9324,160279
2012-11-01,23.51,24.04,23.45,23.85,18.2228,482566
2012-11-02,23.98,23.98,23.04,23.05,17.6116,234863
2012-11-05,23.08,23.2,22.58,23.02,17.5885,409918
2012-11-06,23.16,23.59,23.16,23.42,17.8942,243848
2012-11-07,23.13,23.175,22.38,22.41,17.1224,387235
2012-11-08,22.42,22.71,21.97,22.02,16.8244,419123
2012-11-09,21.95,22.35,21.925,22.18,16.9467,245847
2012-11-12,22.24,22.26,21.91,22.08,16.8704,163714
2012-11-13,21.97,22.17,21.51,21.549,16.4649,280544
2012-11-14,21.59,21.74,21.14,21.17,16.1754,304221
2012-11-15,21.21,21.4,20.9,21.09,16.1141,272000
2012-11-16,21.04,21.34,20.76,21.3,16.2742,342429
2012-11-19,21.5,21.64,21.31,21.64,16.5343,175216
2012-11-20,21.58,21.93,21.3301,21.71,16.5876,226100
2012-11-21,21.76,21.76,21.41,21.67,16.5571,191996
2012-11-23,21.78,22.41,21.76,22.41,17.1224,122990
2012-11-26,22.32,22.46,22.18,22.45,17.1529,238984
2012-11-27,22.42,22.57,22.15,22.15,16.9239,219694
2012-11-28,21.85,21.91,21.2969,21.9,16.9082,120032
2012-11-29,22.12,22.33,21.93,22.23,17.1631,216577
2012-11-30,22.32,22.32,22.061,22.22,17.1552,288786
2012-12-03,22.43,22.77,22.05,22.3,17.2171,179045
2012-12-04,22.36,22.39,22.03,22.27,17.1942,140905
2012-12-05,22.4,22.55,22.16,22.33,17.2402,236199
2012-12-06,22.38,22.5372,22.29,22.42,17.3099,168635
2012-12-07,22.58,22.58,22.25,22.35,17.2557,150540
2012-12-10,22.32,22.48,22.22,22.34,17.2482,239356
2012-12-11,22.54,22.7,22.32,22.65,17.4875,274273
2012-12-12,22.76,22.82,22.4,22.43,17.3173,196289
2012-12-13,22.44,22.52,22.25,22.29,17.2095,171986
2012-12-14,22.25,22.36,22.12,22.18,17.1246,155180
2012-12-17,22.34,22.82,22.2,22.8,17.6029,261043
2012-12-18,22.81,23.05,22.6601,22.96,17.7268,356774
2012-12-19,22.98,23.19,22.81,22.82,17.6185,216459
2012-12-20,22.82,22.99,22.72,22.97,17.7345,275423
2012-12-21,22.69,22.725,22.15,22.53,17.3949,1071203
2012-12-24,22.48,22.855,22.4,22.61,17.4567,152654
2012-12-26,22.65,22.68,22.45,22.47,17.3485,242902
2012-12-27,22.52,22.525,21.89,22.25,17.1783,292984
2012-12-28,22.2,22.48,22.09,22.23,17.1631,253037
2012-12-31,22.32,22.5,22.04,22.46,17.3407,261548
2013-01-02,23.07,23.77,22.86,23.74,18.3289,571149
2013-01-03,23.84,24.03,23.61,23.9784,18.512999999999998,332426
2013-01-04,24.1,24.1,23.82,23.8401,18.4065,258279
2013-01-07,23.79,23.84,23.57,23.645,18.2556,129071
2013-01-08,23.7,23.7585,23.47,23.6,18.2211,226247
2013-01-09,23.72,23.75,23.53,23.64,18.2517,192910
2013-01-10,23.7,23.81,23.53,23.63,18.244,203662
2013-01-11,23.71,23.72,23.09,23.38,18.0511,247831
2013-01-14,23.39,23.62,23.25,23.59,18.2133,162263
2013-01-15,23.51,23.6275,23.38,23.58,18.2051,117640
2013-01-16,23.57,23.62,23.5101,23.54,18.1746,139295
2013-01-17,23.67,23.83,23.62,23.7,18.298,257547
2013-01-18,23.64,23.89,23.5,23.58,18.2051,186563
2013-01-22,23.62,23.65,23.55,23.65,18.2597,231915
2013-01-23,23.53,23.55,22.57,22.8,17.6029,474659
2013-01-24,22.79,23.1,22.74,22.88,17.665,299757
2013-01-25,23.0,23.17,22.73,23.07,17.812,322995
2013-01-28,23.14,23.37,22.97,23.28,17.9737,214142
2013-01-29,23.23,23.51,23.2,23.4,18.0664,231626
2013-01-30,23.35,23.46,22.99,23.05,17.7962,230942
2013-01-31,23.05,23.29,22.93,23.13,17.8578,364141
2013-02-01,23.28,23.62,23.17,23.46,18.1128,257309
2013-02-04,23.41,23.428,23.05,23.13,17.8578,169025
2013-02-05,23.3,23.54,23.184,23.37,18.0436,207020
2013-02-06,23.27,23.48,23.158,23.46,18.1128,216308
2013-02-07,23.5,23.52,23.24,23.43,18.0895,261444
2013-02-08,23.52,23.6307,23.43,23.57,18.1977,453141
2013-02-11,23.59,23.66,23.44,23.6,18.2211,302473
2013-02-12,23.68,23.92,23.64,23.92,18.468,244184
2013-02-13,24.0,24.0,23.61,23.95,18.4911,215043
2013-02-14,23.85,23.93,23.66,23.75,18.3367,274699
2013-02-15,23.88,23.92,23.69,23.83,18.3984,595529
2013-02-19,23.91,24.12,23.865,24.1,18.6069,774586
2013-02-20,24.05,24.22,23.69,23.72,18.3135,419061
2013-02-21,23.74,23.93,23.39,23.56,18.1899,274745
2013-02-22,23.73,23.81,23.55,23.8,18.3752,262365
2013-02-25,24.02,24.19,23.13,23.16,17.881,223817
2013-02-26,23.29,23.56,23.06,23.2,17.9121,289982
2013-02-27,23.01,23.3,22.77,23.04,17.9667,395001
2013-02-28,22.94,23.36,22.9,22.92,17.8733,451960
2013-03-01,22.77,22.97,22.45,22.91,17.8653,581424
2013-03-04,22.92,23.36,22.9,23.36,18.2161,660716
2013-03-05,23.5,23.61,23.29,23.43,18.2709,251876
2013-03-06,23.53,23.65,23.43,23.57,18.3802,171679
2013-03-07,23.6,23.79,23.53,23.78,18.5435,210815
2013-03-08,23.99,24.09,23.63,23.74,18.5127,307425
2013-03-11,23.71,23.87,23.69,23.79,18.5514,200017
2013-03-12,23.8,23.8,23.54,23.7,18.4813,256368
2013-03-13,23.73,24.09,23.62,24.05,18.7545,320360
2013-03-14,24.16,24.4,24.0501,24.39,19.0195,299901
2013-03-15,24.45,24.8,24.45,24.68,19.2455,1144197
2013-03-18,24.36,24.61,24.18,24.29,18.9417,512165
2013-03-19,24.4,24.56,24.27,24.55,19.1442,240826
2013-03-20,24.76,24.88,24.56,24.86,19.3859,250686
2013-03-21,24.66,24.81,24.52,24.7,19.2613,211742
2013-03-22,24.81,24.945,24.7,24.74,19.2924,321617
2013-03-25,24.87,24.95,24.61,24.75,19.3001,226387
2013-03-26,24.93,24.99,24.68,24.97,19.4718,221859
2013-03-27,24.79,24.92,24.63,24.85,19.378,153170
2013-03-28,24.92,25.09,24.74,25.01,19.503,343646
2013-04-01,24.91,25.04,24.35,24.505,19.1089,403472
2013-04-02,24.71,24.8,24.07,24.14,18.8245,215539
2013-04-03,24.27,24.27,23.68,23.71,18.489,293389
2013-04-04,23.68,23.95,23.55,23.94,18.6687,170350
2013-04-05,23.54,24.18,23.49,23.94,18.6687,243107
2013-04-08,24.04,24.11,23.66,24.11,18.8011,195126
2013-04-09,24.11,24.25,23.83,23.84,18.5906,180637
2013-04-10,23.99,24.295,23.93,24.27,18.9258,241692
2013-04-11,24.21,24.28,23.99,24.04,18.7464,214543
2013-04-12,23.9,24.03,23.76,23.96,18.6843,221216
2013-04-15,23.79,23.83,22.92,22.94,17.8888,431589
2013-04-16,23.16,23.43,22.98,23.42,18.2628,310079
2013-04-17,23.17,23.32,22.73,23.04,17.9667,372390
2013-04-18,23.15,23.16,22.77,22.94,17.8888,256883
2013-04-19,22.97,23.23,22.94,23.12,18.0291,207781
2013-04-22,23.16,23.36,22.7,23.22,18.107,338411
2013-04-23,23.48,23.75,23.39,23.73,18.5048,272442
2013-04-24,24.21,24.81,23.94,24.59,19.1754,561901
2013-04-25,24.9,25.02,24.44,24.53,19.1288,443390
2013-04-26,24.52,24.69,23.96,24.35,18.9882,410790
2013-04-29,24.48,24.48,24.27,24.39,19.0195,223541
2013-04-30,24.37,24.55,24.28,24.55,19.1442,263608
2013-05-01,24.42,24.51,23.68,23.7,18.4813,606647
2013-05-02,23.88,24.26,23.71,24.03,18.7385,218922
2013-05-03,24.32,24.68,24.22,24.36,18.9961,210374
2013-05-06,24.42,24.706,24.31,24.55,19.1442,174769
2013-05-07,24.55,25.0,24.4201,25.0,19.495,219464
2013-05-08,24.99,25.12,24.78,25.07,19.5498,219097
2013-05-09,25.05,25.06,24.74,24.76,19.3079,170555
2013-05-10,24.83,25.07,24.76,25.02,19.5108,161621
2013-05-13,25.01,25.35,24.91,25.12,19.5889,169858
2013-05-14,25.17,25.49,25.09,25.47,19.8615,216022
2013-05-15,25.45,25.79,25.31,25.48,19.8695,254721
2013-05-16,25.47,25.65,25.395,25.51,19.8929,120438
2013-05-17,25.59,25.84,25.59,25.78,20.1035,230440
2013-05-20,25.67,26.28,25.65,26.24,20.4622,285777
2013-05-21,26.27,26.47,26.06,26.35,20.5481,275603
2013-05-22,26.36,26.84,25.79,25.94,20.2282,353684
2013-05-23,25.81,26.14,25.48,26.11,20.3607,399079
2013-05-24,26.02,26.3,25.81,26.29,20.500999999999998,173617
2013-05-28,26.71,26.87,26.22,26.36,20.5556,312865
2013-05-29,26.01,26.29,25.78,25.88,20.3591,192561
2013-05-30,25.92,26.17,25.82,25.96,20.422,315403
2013-05-31,25.8,25.875,25.47,25.49,20.0524,324691
2013-06-03,25.58,25.72,25.25,25.52,20.0759,526401
2013-06-04,25.48,25.62,24.93,25.24,19.8557,373903
2013-06-05,25.23,25.23,24.79,24.8,19.5094,169983
2013-06-06,24.74,25.0,24.45,24.83,19.5329,294471
2013-06-07,25.13,25.13,24.77,24.89,19.5802,234886
2013-06-10,25.0,25.0,24.68,24.88,19.5722,631193
2013-06-11,24.56,24.85,24.24,24.65,19.3915,185217
2013-06-12,24.85,24.85,24.21,24.28,19.1005,156113
2013-06-13,24.3,24.77,24.17,24.7,19.4307,306818
2013-06-14,24.62,24.68,24.14,24.23,19.0611,120013
2013-06-17,24.51,24.588,24.25,24.46,19.2418,183331
2013-06-18,24.55,24.8,24.43,24.74,19.4619,208271
2013-06-19,24.68,24.71,24.44,24.47,19.2498,167780
2013-06-20,24.06,24.735,24.06,24.4,19.1947,342056
2013-06-21,24.47,24.67,24.27,24.35,19.1554,1319704
2013-06-24,24.16,24.56,23.961,24.18,19.0217,380447
2013-06-25,24.46,24.69,24.13,24.59,19.3442,459128
2013-06-26,24.75,24.77,24.31,24.46,19.2418,358093
2013-06-27,24.67,24.8,24.47,24.76,19.4779,593992
2013-06-28,24.77,24.77,24.51,24.58,19.3363,949307
2013-07-01,24.5,25.23,24.36,25.0,19.6668,606758
2013-07-02,25.05,25.75,24.96,25.3,19.9024,259494
2013-07-03,25.38,25.66,25.06,25.55,20.0994,167463
2013-07-05,26.09,26.42,25.77,26.41,20.7758,243583
2013-07-08,26.48,26.61,26.22,26.29,20.6817,235877
2013-07-09,26.51,26.58,25.99,26.55,20.886,241514
2013-07-10,26.52,26.58,26.3,26.41,20.7758,372554
2013-07-11,26.67,26.67,26.11,26.14,20.5636,401678
2013-07-12,26.1,26.54,26.1,26.47,20.823,191630
2013-07-15,26.57,26.8999,26.53,26.8,21.0827,159872
2013-07-16,26.75,26.815,26.08,26.55,20.886,191679
2013-07-17,26.56,26.93,26.38,26.77,21.059,169991
2013-07-18,26.79,27.5,26.63,27.45,21.594,192648
2013-07-19,27.31,27.6,27.14,27.55,21.6726,160746
2013-07-22,27.33,27.98,27.33,27.72,21.8064,208990
2013-07-23,27.79,27.79,27.48,27.65,21.7512,379056
2013-07-24,27.67,27.7,27.23,27.46,21.601999999999997,366034
2013-07-25,27.5,27.52,27.02,27.24,21.429000000000002,427777
2013-07-26,27.02,27.12,26.88,27.0,21.2399,169246
2013-07-29,27.02,27.02,26.43,26.65,20.9648,259793
2013-07-30,26.77,27.01,26.58,26.72,21.0199,695134
2013-07-31,26.86,27.54,26.86,26.97,21.2166,425860
2013-08-01,27.32,27.72,27.14,27.58,21.695999999999998,634266
2013-08-02,27.42,27.52,27.12,27.28,21.4602,288686
2013-08-05,27.22,27.58,27.01,27.33,21.4996,181396
2013-08-06,27.21,27.3199,26.91,27.06,21.287,97999
2013-08-07,26.98,26.98,26.57,26.76,21.0512,105527
2013-08-08,26.93,27.0601,26.63,26.7,21.004,250728
2013-08-09,26.57,26.79,26.48,26.51,20.8546,208742
2013-08-12,26.39,26.7,26.33,26.57,20.9016,247400
2013-08-13,26.64,26.76,26.32,26.7,21.004,257281
2013-08-14,26.78,26.87,26.47,26.66,20.9725,370384
2013-08-15,26.44,26.75,26.2,26.3,20.6896,275296
2013-08-16,26.19,26.7,26.19,26.25,20.65,263051
2013-08-19,26.29,26.54,26.0001,26.07,20.5085,227060
2013-08-20,26.11,26.62,26.03,26.57,20.9016,401434
2013-08-21,26.56,26.59,26.24,26.25,20.65,181619
2013-08-22,26.38,26.86,26.2,26.59,20.9175,154246
2013-08-23,26.6,26.67,26.27,26.49,20.8388,175420
2013-08-26,26.47,26.74,26.29,26.3,20.6896,249147
2013-08-27,26.05,26.07,25.35,25.37,19.9581,308666
2013-08-28,25.22,25.4652,25.11,25.29,20.0769,191499
2013-08-29,25.21,25.64,25.21,25.39,20.156,167244
2013-08-30,25.37,25.37,24.81,24.86,19.7354,316322
2013-09-03,25.16,25.64,24.21,24.56,19.4972,520911
2013-09-04,24.61,24.95,24.49,24.74,19.6402,653606
2013-09-05,24.8,24.97,24.68,24.84,19.7196,222243
2013-09-06,24.99,25.04,24.24,24.76,19.6559,277226
2013-09-09,24.85,25.1,24.69,25.01,19.8548,318364
2013-09-10,25.15,25.4,25.09,25.37,20.1405,264878
2013-09-11,25.31,25.47,24.97,25.3,20.085,254592
2013-09-12,25.34,25.46,25.15,25.19,19.9975,172989
2013-09-13,25.28,25.35,25.065,25.34,20.1165,187221
2013-09-16,25.63,25.65,25.33,25.43,20.1881,281024
2013-09-17,25.39,25.81,25.34,25.8,20.4816,238112
2013-09-18,25.87,26.09,25.44,25.549,20.2824,567986
2013-09-19,25.64,25.64,25.06,25.295,20.0805,329762
2013-09-20,25.33,25.7,25.29,25.56,20.2913,1145670
2013-09-23,25.57,25.75,25.18,25.6,20.3229,289848
2013-09-24,25.67,25.95,25.58,25.75,20.4419,209918
2013-09-25,25.84,25.99,25.51,25.82,20.4977,243053
2013-09-26,25.89,25.99,25.45,25.56,20.2913,281435
2013-09-27,25.34,25.71,25.17,25.371,20.1413,233756
2013-09-30,25.06,25.64,25.041999999999998,25.6,20.3229,285100
2013-10-01,25.54,26.07,25.36,26.02,20.6564,544436
2013-10-02,25.9,25.9,25.48,25.73,20.4263,243363
2013-10-03,25.75,25.75,25.28,25.45,20.204,294566
2013-10-04,25.4,25.75,25.218000000000004,25.69,20.3942,153739
2013-10-07,25.43,25.5,25.24,25.26,20.0531,168708
2013-10-08,25.25,25.36,25.05,25.12,19.9421,258745
2013-10-09,25.18,25.37,24.98,25.1,19.926,275876
2013-10-10,25.38,25.89,25.2901,25.7,20.4024,232806
2013-10-11,25.56,26.46,25.515,26.45,20.9978,260069
2013-10-14,26.3,26.63,26.2,26.62,21.1326,200278
2013-10-15,26.48,26.66,26.23,26.29,20.8706,190699
2013-10-16,26.39,26.82,26.1401,26.58,21.1009,219652
2013-10-17,26.38,26.8,26.26,26.76,21.244,217769
2013-10-18,26.95,26.98,26.68,26.93,21.3788,260632
2013-10-21,26.9,27.0,26.65,26.77,21.2518,302706
2013-10-22,26.81,26.98,26.58,26.82,21.2916,256029
2013-10-23,26.79,27.52,26.27,27.39,21.7441,440651
2013-10-24,27.54,27.72,27.35,27.59,21.9026,264301
2013-10-25,27.7,27.7,27.28,27.59,21.9026,371907
2013-10-28,27.59,27.88,27.58,27.77,22.0455,266097
2013-10-29,27.77,27.89,27.31,27.73,22.014,277653
2013-10-30,27.81,27.87,27.56,27.61,21.9188,285204
2013-10-31,27.59,27.7,27.15,27.16,21.5615,324352
2013-11-01,27.14,27.37,26.77,27.1,21.5138,325500
2013-11-04,27.16,27.26,26.8,27.15,21.5536,255854
2013-11-05,26.95,27.29,26.78,27.05,21.474,274034
2013-11-06,27.27,27.28,27.01,27.27,21.6487,119143
2013-11-07,27.34,27.4,26.78,26.81,21.2835,204539
2013-11-08,26.82,27.98,26.79,27.86,22.1171,371627
2013-11-11,27.78,27.91,27.35,27.38,21.7358,183332
2013-11-12,27.3,27.37,26.9,27.2,21.5932,232521
2013-11-13,27.06,27.47,26.88,27.46,21.7995,174378
2013-11-14,27.49,27.66,27.3601,27.62,21.9265,110867
2013-11-15,27.58,27.77,27.31,27.41,21.7598,279202
2013-11-18,27.44,27.9,27.26,27.55,21.8711,341701
2013-11-19,27.52,27.87,27.31,27.6,21.9108,268721
2013-11-20,27.67,27.85,27.48,27.66,21.958000000000002,322070
2013-11-21,27.77,28.305,27.69,28.27,22.4424,304934
2013-11-22,28.2,28.5,28.01,28.49,22.6174,270158
2013-11-25,28.56,28.88,28.3,28.46,22.5931,315449
2013-11-26,28.17,28.22,27.88,28.05,22.4492,386920
2013-11-27,28.08,28.24,27.88,28.05,22.4492,345572
2013-11-29,28.2,28.2,27.88,28.05,22.4492,169681
2013-12-02,28.07,28.25,27.49,27.51,22.017,354602
2013-12-03,27.4,27.53,26.77,26.95,21.5691,729040
2013-12-04,26.9,27.29,26.76,27.03,21.6329,349986
2013-12-05,26.95,27.11,26.79,26.99,21.6011,256228
2013-12-06,27.27,27.58,27.22,27.42,21.945,256448
2013-12-09,27.36,27.53,27.15,27.25,21.809,242621
2013-12-10,27.16,27.24,26.74,26.8,21.4489,201455
2013-12-11,26.81,26.81,26.4,26.43,21.1528,292475
2013-12-12,26.43,26.67,26.33,26.49,21.2007,192827
2013-12-13,26.58,26.66,26.31,26.6,21.289,231553
2013-12-16,26.79,27.2,26.368000000000002,27.03,21.6329,293456
2013-12-17,26.96,27.07,26.72,26.9,21.5291,242149
2013-12-18,26.93,27.35,26.76,27.14,21.721,536529
2013-12-19,27.05,27.13,26.78,26.81,21.4572,396201
2013-12-20,26.99,27.24,26.67,26.99,21.6011,988138
2013-12-23,27.16,27.46,26.99,27.46,21.9771,554706
2013-12-24,27.53,27.73,27.36,27.5,22.009,158413
2013-12-26,27.55,27.61,27.26,27.3,21.8491,309414
2013-12-27,27.4,27.5,27.14,27.21,21.7771,172606
2013-12-30,27.27,27.27,27.01,27.08,21.673000000000002,168065
2013-12-31,27.0,27.15,26.77,26.84,21.4809,450311
2014-01-02,26.68,26.81,26.42,26.53,21.2327,385508
2014-01-03,26.68,26.88,26.616,26.79,21.4409,412552
2014-01-06,26.85,26.97,26.51,26.57,21.2647,419242
2014-01-07,26.71,26.99,26.58,26.78,21.4329,248061
2014-01-08,26.72,26.81,26.49,26.59,21.2809,210955
2014-01-09,26.72,26.8,26.44,26.65,21.3288,336410
2014-01-10,26.69,26.69,26.4,26.68,21.3529,186125
2014-01-13,26.54,26.62,26.28,26.44,21.1606,263670
2014-01-14,26.49,26.59,26.19,26.54,21.2407,251175
2014-01-15,26.58,26.88,26.43,26.46,21.1767,306565
2014-01-16,26.44,26.44,26.01,26.2,20.9688,301690
2014-01-17,26.17,26.5,26.15,26.33,21.0728,300816
2014-01-21,26.34,26.99,26.31,26.61,21.2968,448966
2014-01-22,26.61,26.85,26.57,26.79,21.4409,219921
2014-01-23,26.68,26.74,26.18,26.3,21.0487,328892
2014-01-24,26.09,26.24,25.7501,25.87,20.7049,311101
2014-01-27,25.5,26.09,25.5,25.5,20.4085,323269
2014-01-28,25.48,25.77,25.34,25.58,20.4726,348954
2014-01-29,25.0,25.29,24.44,24.51,19.6161,513149
2014-01-30,24.6,24.6,23.9804,24.3,19.4481,548778
2014-01-31,23.83,24.24,23.7,23.76,19.0157,624180
2014-02-03,23.71,23.84,22.47,22.53,18.0316,950773
2014-02-04,22.57,23.4099,22.36,22.82,18.2635,594855
2014-02-05,22.69,22.94,22.47,22.72,18.1836,388071
2014-02-06,22.71,23.05,22.56,23.04,18.4394,342195
2014-02-07,23.12,23.44,22.75,23.0,18.4078,374445
2014-02-10,22.94,23.105,22.6,22.99,18.3996,441240
2014-02-11,23.01,23.57,22.905,23.4,18.7276,356692
2014-02-12,23.37,23.87,23.3,23.45,18.7679,273667
2014-02-13,23.27,23.62,23.15,23.56,18.8558,204627
2014-02-14,23.52,23.82,23.42,23.8,19.0479,286923
2014-02-18,23.81,23.97,23.59,23.92,19.1439,268138
2014-02-19,23.92,23.92,22.85,22.94,18.3596,657247
2014-02-20,22.98,23.24,22.75,22.9,18.3279,430110
2014-02-21,23.02,23.17,22.87,23.1,18.4878,565461
2014-02-24,23.08,23.63,23.08,23.55,18.8478,365018
2014-02-25,23.47,23.7178,23.29,23.37,18.7038,311332
2014-02-26,23.35,23.72,23.13,23.57,19.0514,353346
2014-02-27,23.49,23.62,23.25,23.61,19.0836,317046
2014-02-28,23.66,24.3,23.4933,24.13,19.5039,623996
2014-03-03,23.97,24.19,23.75,23.89,19.3098,475207
2014-03-04,24.19,24.85,23.97,24.69,19.9567,945097
2014-03-05,24.71,24.93,24.38,24.66,19.9323,380274
2014-03-06,24.78,25.01,24.6,24.93,20.1507,326649
2014-03-07,25.14,25.41,24.99,25.11,20.296,283014
2014-03-10,25.09,25.39,24.87,25.12,20.3043,259074
2014-03-11,25.05,25.13,24.67,24.93,20.1507,322709
2014-03-12,24.84,24.97,24.47,24.86,20.094,355348
2014-03-13,24.88,25.01,24.53,24.7,19.9645,199703
2014-03-14,24.55,25.01,24.55,25.0,20.2072,364564
2014-03-17,25.15,25.49,25.045,25.14,20.3204,348098
2014-03-18,25.19,25.36,25.02,25.25,20.4093,263868
2014-03-19,25.24,25.55,25.02,25.22,20.3851,242768
2014-03-20,25.18,25.95,25.18,25.91,20.9426,354387
2014-03-21,26.03,26.36,25.66,25.79,20.8459,957765
2014-03-24,25.9,26.09,25.52,25.67,20.7487,253739
2014-03-25,25.73,25.9,25.49,25.53,20.6355,274250
2014-03-26,25.69,25.735,25.06,25.06,20.2558,335109
2014-03-27,25.02,25.24,24.72,24.78,20.0293,311283
2014-03-28,24.8,25.27,24.66,24.72,19.9809,172845
2014-03-31,24.92,25.42,24.9,25.35,20.4897,276325
2014-04-01,25.29,25.94,25.19,25.85,20.8943,357988
2014-04-02,25.81,25.91,25.65,25.71,20.7813,325097
2014-04-03,25.68,25.82,25.53,25.73,20.7974,144975
2014-04-04,25.79,25.91,25.05,25.14,20.3204,322265
2014-04-07,25.12,25.38,24.72,24.89,20.1182,384022
2014-04-08,24.84,25.26,24.63,24.84,20.078,549893
2014-04-09,24.9,24.9,24.41,24.67,19.9404,355775
2014-04-10,24.67,24.67,23.87,24.07,19.4554,393111
2014-04-11,23.79,24.25,23.51,23.97,19.3748,348682
2014-04-14,24.16,24.3825,23.69,23.98,19.3828,317721
2014-04-15,24.0,24.22,23.52,23.85,19.2777,488276
2014-04-16,24.05,24.05,23.64,23.85,19.2777,385903
2014-04-17,23.86,24.15,23.76,24.05,19.4392,367990
2014-04-21,23.96,24.11,23.75,23.97,19.3748,273541
2014-04-22,23.99,24.3,23.85,24.05,19.4392,312457
2014-04-23,23.92,24.24,23.62,23.64,19.1077,340046
2014-04-24,23.78,23.78,23.16,23.21,18.7602,519512
2014-04-25,23.06,23.355,22.78,22.85,18.4693,495133
2014-04-28,22.93,23.17,22.6,22.78,18.4127,360266
2014-04-29,22.95,23.07,22.6,22.68,18.3322,278110
2014-04-30,22.63,22.93,22.52,22.87,18.4855,269615
2014-05-01,22.83,22.95,22.35,22.71,18.3561,365298
2014-05-02,22.78,23.36,22.77,22.93,18.5341,411728
2014-05-05,22.72,23.0,22.54,22.86,18.4773,270672
2014-05-06,22.75,23.05,22.57,22.62,18.2834,420066
2014-05-07,22.63,22.95,22.44,22.92,18.526,263292
2014-05-08,22.92,23.29,22.79,22.86,18.4773,308589
2014-05-09,22.73,23.44,22.66,23.28,18.8171,385588
2014-05-12,23.42,23.98,23.22,23.9,19.3181,482074
2014-05-13,23.83,23.95,23.42,23.42,18.9303,360109
2014-05-14,23.43,23.43,22.86,22.99,18.5825,331070
2014-05-15,22.95,23.19,22.52,23.14,18.7038,451213
2014-05-16,23.08,23.1,22.72,22.95,18.5505,267484
2014-05-19,22.9,23.42,22.85,23.4,18.9139,259790
2014-05-20,23.41,23.41,22.91,23.12,18.6873,403598
2014-05-21,23.27,23.45,22.98,23.15,18.7119,280542
2014-05-22,23.24,23.51,23.18,23.48,18.9785,225396
2014-05-23,23.51,23.6,23.29,23.59,19.0674,265395
2014-05-27,23.8,24.09,23.55,23.88,19.3019,249163
2014-05-28,23.49,23.49,23.02,23.26,18.9838,498961
2014-05-29,23.39,23.39,23.06,23.09,18.8448,296581
2014-05-30,23.14,23.25,23.04,23.15,18.894000000000002,382302
2014-06-02,23.14,23.52,22.93,23.4,19.0977,323682
2014-06-03,23.38,23.68,23.12,23.31,19.0245,1041058
2014-06-04,23.21,23.46,23.2,23.34,19.0489,246319
2014-06-05,23.34,24.0,23.1801,23.99,19.5796,359552
2014-06-06,24.04,24.38,23.7,24.26,19.7997,346645
2014-06-09,24.2,24.59,24.0998,24.54,20.0283,192505
2014-06-10,24.56,24.61,24.33,24.43,19.9384,175794
2014-06-11,24.39,24.46,24.17,24.26,19.7997,217464
2014-06-12,24.16,24.28,23.95,24.22,19.7671,191618
2014-06-13,24.3,24.55,23.94,24.02,19.604,231933
2014-06-16,24.07,24.07,23.68,23.96,19.5548,201871
2014-06-17,23.88,24.63,23.87,24.345,19.8692,361095
2014-06-18,24.33,24.65,24.15,24.55,20.0365,199357
2014-06-19,24.57,24.59,24.308000000000003,24.5,19.9955,138898
2014-06-20,24.59,24.71,24.3,24.52,20.0122,525786
2014-06-23,24.48,24.58,24.26,24.38,19.8977,175877
2014-06-24,24.27,24.75,24.04,24.05,19.6284,362346
2014-06-25,24.0,24.45,23.68,24.43,19.9384,217085
2014-06-26,24.46,24.47,24.07,24.28,19.8161,153314
2014-06-27,24.11,24.57,24.11,24.43,19.9384,541510
2014-06-30,24.37,24.7,24.19,24.69,20.1508,326324
2014-07-01,24.67,25.09,24.51,24.82,20.2568,610660
2014-07-02,24.77,25.05,24.43,24.51,20.0036,197733
2014-07-03,24.65,25.0,24.65,24.89,20.3139,168322
2014-07-07,24.8,24.8825,24.56,24.56,20.0448,205045
2014-07-08,24.53,24.53,24.12,24.23,19.7752,467398
2014-07-09,24.36,24.47,24.14,24.19,19.7426,263468
2014-07-10,23.94,24.25,23.7,24.02,19.604,261918
2014-07-11,24.01,24.07,23.67,23.86,19.4733,176920
2014-07-14,24.15,24.15,23.75,23.8,19.4243,182804
2014-07-15,23.79,24.06,23.67,24.03,19.612000000000002,172110
2014-07-16,24.14,24.17,23.57,23.58,19.2448,376223
2014-07-17,23.51,23.61,22.89,23.03,18.7958,378185
2014-07-18,22.99,23.47,22.99,23.32,19.0324,213934
2014-07-21,23.15,23.29,22.97,23.17,18.91,182464
2014-07-22,23.32,23.35,23.0,23.11,18.8611,228240
2014-07-23,23.68,23.68,23.16,23.46,19.1468,576028
2014-07-24,23.51,23.72,23.38,23.51,19.1879,325699
2014-07-25,23.36,23.519000000000002,23.19,23.35,19.0569,266075
2014-07-28,23.28,23.425,23.0,23.14,18.8857,297431
2014-07-29,23.12,23.34,23.1,23.15,18.894000000000002,385766
2014-07-30,23.28,23.53,23.09,23.29,19.0081,277813
2014-07-31,23.21,23.43,23.01,23.03,18.7958,637595
2014-08-01,23.14,23.22,22.59,22.67,18.5021,596887
2014-08-04,22.79,22.95,22.5,22.76,18.5756,361535
2014-08-05,22.61,23.0,22.6,22.8,18.6081,352030
2014-08-06,22.72,23.18,22.61,22.97,18.7468,284357
2014-08-07,23.02,23.02,22.73,22.87,18.6652,263795
2014-08-08,22.86,23.09,22.835,23.03,18.7958,186597
2014-08-11,23.09,23.37,22.99,23.17,18.91,258284
2014-08-12,23.06,23.32,22.92,23.075,18.8325,259568
2014-08-13,23.17,23.37,23.13,23.265,18.9877,264248
2014-08-14,23.26,23.565,23.26,23.47,19.1552,448708
2014-08-15,23.64,23.68,23.12,23.34,19.0489,479890
2014-08-18,23.54,23.8,23.42,23.77,19.3998,243510
2014-08-19,23.72,23.89,23.614,23.75,19.3836,229026
2014-08-20,23.64,23.79,23.51,23.76,19.392,193519
2014-08-21,23.73,24.06,23.53,23.92,19.5223,269827
2014-08-22,23.92,24.08,23.71,23.85,19.465,185993
2014-08-25,23.97,24.07,23.78,23.91,19.5141,196522
2014-08-26,23.87,24.18,23.87,24.165,19.7224,267341
2014-08-27,24.02,24.02,23.77,23.92,19.71,396171
2014-08-28,23.83,23.87,23.56,23.68,19.5122,226385
2014-08-29,23.71,23.86,23.54,23.735,19.5572,324392
2014-09-02,23.86,24.12,23.7501,23.93,19.718,388145
2014-09-03,24.06,24.15,23.81,23.91,19.7015,278876
2014-09-04,23.94,24.21,23.76,23.91,19.7015,205056
2014-09-05,23.8,24.0,23.71,23.945,19.7306,181434
2014-09-08,23.95,24.14,23.86,24.12,19.8745,228170
2014-09-09,24.04,24.04,23.73,23.91,19.7015,201473
2014-09-10,23.87,24.27,23.87,24.26,19.9899,184825
2014-09-11,24.16,24.4,24.07,24.36,20.0725,258588
2014-09-12,24.4,24.68,24.18,24.44,20.1385,307328
2014-09-15,24.55,24.55,24.12,24.14,19.8911,225015
2014-09-16,24.1,24.33,23.89,23.94,19.7263,437967
2014-09-17,23.94,24.24,23.73,24.0,19.7758,272196
2014-09-18,24.09,24.69,24.09,24.5,20.1879,363467
2014-09-19,24.69,24.76,24.21,24.24,19.9736,814593
2014-09-22,24.23,24.24,23.93,23.98,19.7592,384192
2014-09-23,23.89,24.09,23.65,23.65,19.4876,488156
2014-09-24,23.65,23.7485,23.48,23.66,19.4957,419313
2014-09-25,23.54,23.54,23.27,23.37,19.2565,550732
2014-09-26,23.35,23.47,23.18,23.46,19.3309,368128
2014-09-29,23.21,23.38,23.14,23.285,19.1868,340186
2014-09-30,23.29,23.39,23.03,23.035,18.9805,484896
2014-10-01,22.95,23.2,22.68,22.785,18.7747,591660
2014-10-02,22.8,23.17,22.67,22.96,18.919,381023
2014-10-03,23.23,23.54,23.16,23.315,19.2115,490721
2014-10-06,23.42,23.54,23.0,23.07,19.0096,221769
2014-10-07,22.97,23.05,22.71,22.735,18.7335,475772
2014-10-08,22.77,23.24,22.59,23.22,19.133,700831
2014-10-09,23.11,23.32,22.73,22.73,18.7292,569483
2014-10-10,22.62,23.2,22.56,22.75,18.7457,531243
2014-10-13,22.72,23.3,22.7,22.97,18.9269,377496
2014-10-14,23.23,23.57,23.12,23.31,19.2072,478945
2014-10-15,22.97,23.45,22.39,22.86,18.8365,1005855
2014-10-16,22.56,23.54,22.5,23.43,19.3061,672973
2014-10-17,23.76,23.76,23.15,23.18,19.1002,436019
2014-10-20,23.18,23.36,23.0,23.2,19.1165,243402
2014-10-21,23.33,23.75,23.275,23.68,19.5122,311734
2014-10-22,23.79,23.799,23.31,23.34,19.2319,371330
2014-10-23,23.51,23.77,23.37,23.465,19.3347,367664
2014-10-24,23.46,23.65,23.36,23.51,19.372,175392
2014-10-27,23.4,23.73,23.31,23.71,19.537,323086
2014-10-28,23.75,24.49,23.75,24.44,20.1385,416273
2014-10-29,24.5,24.5,23.39,24.3,20.023,867967
2014-10-30,23.92,24.3,23.5,24.0,19.7758,656412
2014-10-31,24.46,24.55,24.1,24.33,20.0474,656282
2014-11-03,24.39,24.57,24.18,24.36,20.0725,388357
2014-11-04,24.24,24.39,24.0,24.3,20.023,356638
2014-11-05,24.49,24.49,24.11,24.33,20.0474,271505
2014-11-06,24.43,24.59,24.31,24.55,20.2291,262102
2014-11-07,24.57,24.65,24.35,24.54,20.2209,205868
2014-11-10,24.54,24.72,24.49,24.715,20.3648,252366
2014-11-11,24.68,24.74,24.56,24.61,20.2783,253693
2014-11-12,24.5,24.87,24.5,24.86,20.4845,393492
2014-11-13,24.94,24.94,24.53,24.57,20.2457,227209
2014-11-14,24.66,24.75,24.27,24.35,20.0642,239728
2014-11-17,24.27,24.3,24.1,24.2,19.9405,267842
2014-11-18,24.27,24.42,24.1,24.255,19.9862,259568
2014-11-19,24.27,24.27,23.74,24.06,19.8255,262487
2014-11-20,23.9,24.26,23.81,24.26,19.9899,184334
2014-11-21,24.51,24.77,23.92,23.94,19.7263,337014
2014-11-24,24.07,24.305,23.98,24.3,20.023,232357
2014-11-25,24.42,24.42,24.12,24.26,19.9899,181812
2014-11-26,24.02,24.14,23.77,24.0,19.9649,233147
2014-11-28,24.05,24.05,23.3,23.34,19.4161,203014
2014-12-01,23.37,23.4,22.92,23.11,19.2249,584489
2014-12-02,23.15,23.66,23.15,23.39,19.4577,243138
2014-12-03,23.38,23.82,23.2001,23.64,19.6657,357150
2014-12-04,23.57,23.68,23.39,23.56,19.5989,242402
2014-12-05,23.53,24.17,23.53,23.85,19.8403,295457
2014-12-08,23.78,24.2,23.575,23.77,19.7739,371146
2014-12-09,23.52,24.19,23.42,24.16,20.0981,306419
2014-12-10,24.05,24.15,23.37,23.39,19.4577,343347
2014-12-11,23.47,23.774,23.35,23.58,19.6156,273351
2014-12-12,23.27,23.62,23.14,23.37,19.4408,308817
2014-12-15,23.55,23.55,22.94,23.02,19.1497,352448
2014-12-16,23.0,23.44,22.92,23.2,19.2996,431202
2014-12-17,23.2,23.84,23.05,23.82,19.8155,354702
2014-12-18,24.1,24.27,23.86,24.2,20.1314,262783
2014-12-19,24.17,24.87,23.92,24.62,20.4808,2386842
2014-12-22,24.53,24.6499,24.25,24.51,20.3894,343214
2014-12-23,24.68,24.83,24.5,24.7,20.5475,212152
2014-12-24,24.66,24.68,24.27,24.54,20.4143,130730
2014-12-26,24.67,24.73,24.54,24.62,20.4808,146837
2014-12-29,24.64,24.98,24.64,24.93,20.7387,281271
2014-12-30,24.81,25.13,24.65,24.81,20.6389,249447
2014-12-31,24.84,24.93,24.51,24.54,20.4143,260579
2015-01-02,24.69,24.69,23.93,24.28,20.1978,212058
2015-01-05,24.1,24.27,23.6,23.62,19.6489,326800
2015-01-06,23.63,23.88,23.03,23.06,19.183,459378
2015-01-07,23.3,23.424,22.92,23.2,19.2996,374264
2015-01-08,23.35,23.62,23.27,23.54,19.5823,489267
2015-01-09,23.52,23.52,22.73,22.79,18.9586,570309
2015-01-12,22.71,22.88,22.56,22.68,18.867,541772
2015-01-13,22.75,23.19,22.5,22.69,18.8755,445683
2015-01-14,22.5,22.57,22.02,22.28,18.5342,702895
2015-01-15,22.27,22.42,21.9,22.01,18.3096,411047
2015-01-16,21.93,22.51,21.9,22.47,18.6923,314014
2015-01-20,22.54,22.54,22.06,22.28,18.5342,303732
2015-01-21,22.25,22.66,22.03,22.28,18.5342,338992
2015-01-22,22.3,23.44,22.3,23.36,19.4328,518637
2015-01-23,23.36,23.46,22.87,22.89,19.0416,277140
2015-01-26,22.88,23.2,22.4,23.1,19.2166,459674
2015-01-27,22.92,22.9899,22.62,22.71,18.892,300789
2015-01-28,22.32,22.57,21.26,21.42,17.8188,1077124
2015-01-29,21.33,21.66,21.05,21.64,18.0018,821771
2015-01-30,21.38,21.71,21.17,21.36,17.7689,746933
2015-02-02,21.52,22.02,21.28,21.98,18.2847,490173
2015-02-03,22.01,22.6,21.994,22.35,18.5924,567599
2015-02-04,22.16,22.42,21.9,21.92,18.2349,478361
2015-02-05,21.99,22.45,21.99,22.43,18.6587,467784
2015-02-06,22.54,23.0,22.49,22.72,18.9002,390765
2015-02-09,22.61,22.72,22.39,22.49,18.7089,329640
2015-02-10,22.72,22.8099,22.22,22.72,18.9002,281017
2015-02-11,22.7,22.978,22.43,22.6,18.8005,306083
2015-02-12,22.75,23.16,22.7,23.145,19.2538,264220
2015-02-13,23.16,23.4,23.13,23.39,19.4577,364546
2015-02-17,23.34,23.68,23.2,23.66,19.6822,283920
2015-02-18,23.53,23.58,23.09,23.16,19.2661,327046
2015-02-19,23.03,23.27,22.84,23.08,19.1997,186575
2015-02-20,23.06,23.34,22.66,23.33,19.4076,223147
2015-02-23,23.16,23.25,22.97,23.19,19.2913,190553
2015-02-24,23.25,23.58,23.18,23.39,19.4577,217589
2015-02-25,23.2,23.28,22.96,23.15,19.4492,381906
2015-02-26,23.09,23.32,23.0101,23.26,19.5416,303476
2015-02-27,23.21,23.32,23.05,23.05,19.3653,222260
2015-03-02,23.05,23.5,23.01,23.46,19.7098,604306
2015-03-03,23.33,23.64,23.33,23.43,19.6845,815258
2015-03-04,23.36,23.397,23.15,23.31,19.5835,388547
2015-03-05,23.33,23.52,22.97,23.48,19.7265,308737
2015-03-06,23.49,24.0,23.37,23.62,19.8439,496419
2015-03-09,23.74,23.99,23.62,23.86,20.0457,362957
2015-03-10,23.68,23.875,23.39,23.5,19.7431,373689
2015-03-11,23.6,23.88,23.44,23.87,20.0541,439732
2015-03-12,24.06,24.68,23.99,24.6,20.6674,668147
2015-03-13,24.62,24.63,24.09,24.4,20.4993,375382
2015-03-16,24.49,24.49,24.03,24.13,20.2728,568899
2015-03-17,24.11,24.17,23.79,24.17,20.3062,613696
2015-03-18,24.08,24.51,23.73,23.9,20.0792,506722
2015-03-19,23.86,24.13,23.52,24.0,20.1635,609225
2015-03-20,24.22,24.7,24.026,24.54,20.6169,1843479
2015-03-23,24.54,24.646,24.17,24.38,20.4827,387340
2015-03-24,24.43,24.48,24.15,24.2,20.3315,417070
2015-03-25,24.19,24.24,23.76,23.76,19.9618,539722
2015-03-26,23.76,23.98,23.49,23.94,20.1132,308458
2015-03-27,23.96,23.96,23.62,23.83,20.0203,216225
2015-03-30,24.02,24.49,23.88,24.3,20.4153,335948
2015-03-31,24.21,24.39,23.97,24.28,20.3985,452490
2015-04-01,24.1,24.22,23.75,24.03,20.1888,371586
2015-04-02,24.07,24.335,24.07,24.29,20.4069,289095
2015-04-06,24.23,24.3,23.8,24.29,20.4069,375189
2015-04-07,24.3,24.5,24.11,24.28,20.3985,281427
2015-04-08,24.28,24.48,24.12,24.28,20.3985,197049
2015-04-09,24.21,24.34,23.85,24.23,20.3565,195746
2015-04-10,24.29,24.37,24.07,24.26,20.3817,224299
2015-04-13,24.31,24.63,24.24,24.25,20.3733,453178
2015-04-14,24.29,24.45,23.93,24.02,20.1802,447955
2015-04-15,24.05,24.56,23.98,24.35,20.4572,474724
2015-04-16,24.39,24.55,24.02,24.21,20.3397,313694
2015-04-17,24.02,24.18,23.685,23.71,19.9199,426460
2015-04-20,23.87,24.15,23.72,24.03,20.1888,191284
2015-04-21,24.17,24.25,23.82,23.9,20.0792,301156
2015-04-22,23.97,24.2,23.625,24.1,20.2477,298285
2015-04-23,24.02,24.1,23.78,24.02,20.1802,291736
2015-04-24,24.01,24.01,23.58,23.66,19.8778,320674
2015-04-27,23.7,24.04,23.27,23.56,19.7937,508107
2015-04-28,23.59,24.0,23.5,23.98,20.1465,325759
2015-04-29,24.36,24.6,23.93,24.02,20.1802,481256
2015-04-30,23.96,24.26,23.72,23.8,19.9953,737282
2015-05-01,23.92,24.05,23.46,23.57,19.8022,327540
2015-05-04,23.57,24.11,23.57,23.94,20.1132,399286
2015-05-05,23.83,24.05,23.73,23.8,19.9953,383363
2015-05-06,23.91,24.09,23.64,24.06,20.2137,342874
2015-05-07,24.0,24.03,23.73,23.88,20.0624,288145
2015-05-08,24.07,24.07,23.65,24.0,20.1635,315765
2015-05-11,23.99,24.18,23.87,24.09,20.2388,346533
2015-05-12,24.03,24.305,23.76,24.26,20.3817,311591
2015-05-13,24.26,24.33,23.96,24.31,20.424,259150
2015-05-14,24.36,24.5,24.19,24.33,20.4406,296916
2015-05-15,24.25,24.35,23.8,23.95,20.1212,251778
2015-05-18,23.96,24.4,23.88,24.35,20.4572,306984
2015-05-19,24.44,24.66,24.355,24.64,20.7009,251135
2015-05-20,24.63,24.63,24.32,24.48,20.5666,161468
2015-05-21,24.49,24.55,24.29,24.45,20.5411,158040
2015-05-22,24.47,24.49,24.2,24.32,20.4322,196572
2015-05-26,24.14,24.16,23.87,24.13,20.2728,333621
2015-05-27,24.19,24.41,24.02,24.34,20.449,283884
2015-05-28,24.08,24.31,23.9,24.14,20.4744,250458
2015-05-29,24.08,24.08,23.68,23.85,20.2284,294075
2015-06-01,24.0,24.08,23.58,23.92,20.288,327590
2015-06-02,23.85,24.25,23.675,24.05,20.3981,272797
2015-06-03,24.18,24.6,24.14,24.55,20.8223,402974
2015-06-04,24.44,24.49,24.11,24.24,20.5592,230063
2015-06-05,24.36,24.8,24.35,24.79,21.0258,323229
2015-06-08,24.81,24.88,24.65,24.76,21.0004,0
2015-06-09,24.82,25.09,24.62,24.94,21.153000000000002,0
2015-06-10,25.0,25.5,24.98,25.27,21.4328,365172
2015-06-11,25.23,25.38,24.97,25.36,21.5092,412119
2015-06-12,25.28,25.49,25.1,25.215,21.3862,192785
2015-06-15,25.16,25.33,24.76,25.21,21.3819,534165
2015-06-16,25.11,25.43,24.93,25.34,21.4922,408921
2015-06-17,25.4,25.44,24.68,24.75,20.9917,585311
2015-06-18,24.84,25.18,24.53,25.07,21.263,463440
2015-06-19,25.08,25.1,24.74,24.95,21.1613,1060042
2015-06-22,25.19,25.3,24.935,25.2,21.3736,482116
2015-06-23,25.37,25.52,25.265,25.52,21.6448,430436
2015-06-24,25.5,25.55,25.23,25.23,21.399,496744
2015-06-25,25.39,25.55,25.08,25.23,21.399,575084
2015-06-26,25.37,25.55,25.2,25.5,21.6279,958012
2015-06-29,25.32,25.43,24.82,24.9,21.119,601752
2015-06-30,25.21,25.35,24.83,24.98,21.186999999999998,641153
2015-07-01,25.46,25.46,25.055,25.22,21.3906,507897
2015-07-02,25.08,25.08,24.62,24.72,20.9663,468175
2015-07-06,24.52,24.88,24.29,24.88,21.1021,592192
2015-07-07,24.79,24.795,24.16,24.44,20.7289,457476
2015-07-08,24.13,24.4,24.09,24.37,20.6695,517442
2015-07-09,24.73,24.78,24.43,24.63,20.8901,368546
2015-07-10,24.99,25.03,24.56,24.97,21.1786,345753
2015-07-13,25.15,25.3,24.85,25.06,21.2546,509427
2015-07-14,24.92,25.08,24.83,25.02,21.2207,442530
2015-07-15,25.21,25.44,24.84,25.14,21.3225,497696
2015-07-16,25.25,25.425,25.07,25.14,21.3225,380583
2015-07-17,25.15,25.16,24.57,24.76,21.0004,354405
2015-07-20,24.81,24.9,24.63,24.78,21.0172,450582
2015-07-21,24.81,25.14,24.56,24.6,20.8644,265108
2015-07-22,24.56,25.035,24.56,24.89,21.1104,276106
2015-07-23,25.01,25.15,24.42,24.43,20.7202,306677
2015-07-24,24.3,24.42,24.12,24.12,20.4573,327028
2015-07-27,23.87,24.14,23.75,23.97,20.3304,301979
2015-07-28,24.12,24.12,23.67,23.99,20.3473,485871
2015-07-29,24.22,24.37,23.73,23.98,20.3388,434199
2015-07-30,23.79,24.09,23.74,24.06,20.4065,354206
2015-07-31,24.05,24.13,23.756,24.04,20.3897,452539
2015-08-03,24.09,24.19,23.84,24.17,20.4999,361671
2015-08-04,24.25,24.47,24.17,24.38,20.678,328384
2015-08-05,24.46,24.83,24.27,24.49,20.7712,388547
2015-08-06,24.59,24.73,24.18,24.3,20.6102,257827
2015-08-07,24.2,24.46,23.79,24.06,20.4065,319389
2015-08-10,24.28,24.58,24.18,24.53,20.8051,298277
2015-08-11,24.22,24.48,23.97,24.15,20.483,247174
2015-08-12,23.91,24.0,23.35,23.65,20.0588,457334
2015-08-13,23.75,23.98,23.57,23.73,20.1269,258538
2015-08-14,23.74,24.05,23.63,24.04,20.3897,210339
2015-08-17,23.85,24.25,23.61,24.08,20.4237,229214
2015-08-18,24.07,24.21,23.84,24.02,20.3727,217490
2015-08-19,23.89,24.018,23.63,23.67,20.0759,269550
2015-08-20,23.41,23.5,23.17,23.24,19.7113,433673
2015-08-21,22.85,23.475,22.78,23.09,19.5838,538065
2015-08-24,22.6,23.03,22.14,22.21,18.8376,875080
2015-08-25,22.74,22.74,21.95,21.95,18.6169,890532
2015-08-26,22.4,22.68,22.03,22.62,19.1853,478847
2015-08-27,22.83,23.23,22.73,23.01,19.5161,594334
2015-08-28,22.55,22.958000000000002,22.55,22.8,19.5331,451889
2015-08-31,22.61,23.07,22.55,23.03,19.7302,368240
2015-09-01,22.58,22.74,22.1,22.18,19.0019,555596
2015-09-02,22.55,22.612,22.12,22.43,19.2163,928030
2015-09-03,22.38,22.73,22.3,22.56,19.3277,520564
2015-09-04,22.33,22.59,22.33,22.5,19.2761,441326
2015-09-08,22.91,23.1,22.58,22.99,19.695999999999998,349079
2015-09-09,23.2,23.3,22.92,22.95,19.6616,348700
2015-09-10,22.82,23.37,22.82,23.1,19.7902,408195
2015-09-11,22.9,23.16,22.87,23.05,19.7473,243533
2015-09-14,23.08,23.31,22.96,23.08,19.773,364565
2015-09-15,23.1,23.51,22.97,23.37,20.0214,270012
2015-09-16,23.36,23.418000000000003,23.12,23.39,20.0388,281537
2015-09-17,23.41,23.7,22.7,22.82,19.5504,416138
2015-09-18,22.42,22.64,22.27,22.49,19.2676,874224
2015-09-21,22.68,23.0,22.58,22.86,19.5844,308670
2015-09-22,22.59,22.91,22.53,22.69,19.4388,293797
2015-09-23,22.76,22.945,22.59,22.76,19.4989,267108
2015-09-24,22.53,22.97,22.53,22.88,19.6019,366821
2015-09-25,23.0,23.31,22.99,23.04,19.739,377479
2015-09-28,22.96,23.09,22.785,22.8,19.5331,421511
2015-09-29,22.82,23.09,22.772,22.93,19.6446,375462
2015-09-30,23.14,23.24,22.88,23.17,19.8501,553603
2015-10-01,23.15,23.24,22.79,23.11,19.7987,369995
2015-10-02,22.74,22.88,21.9825,22.63,19.3874,551225
2015-10-05,22.88,23.25,22.6601,23.23,19.9013,331283
2015-10-06,23.15,23.29,22.935,23.07,19.7645,434931
2015-10-07,23.47,23.57,23.2,23.56,20.184,582898
2015-10-08,23.47,23.83,23.34,23.82,20.4069,418311
2015-10-09,23.85,23.97,23.46,23.58,20.2014,406289
2015-10-12,23.62,23.955,23.41,23.93,20.5012,347011
2015-10-13,23.85,24.1,23.74,23.9,20.4754,486171
2015-10-14,23.91,23.94,23.16,23.25,19.9188,340672
2015-10-15,23.39,23.83,23.21,23.82,20.4069,427122
2015-10-16,23.85,24.04,23.62,23.86,20.4412,316775
2015-10-19,23.73,24.11,23.73,23.95,20.5185,299604
2015-10-20,24.08,24.36,23.98,24.25,20.7753,327816
2015-10-21,24.36,24.55,23.9,23.9,20.4754,428137
2015-10-22,24.05,24.42,23.68,24.08,20.6298,474725
2015-10-23,24.35,24.56,24.02,24.55,21.0323,299337
2015-10-26,24.54,24.57,24.09,24.33,20.8439,290400
2015-10-27,24.12,24.37,23.92,24.15,20.6899,341900
2015-10-28,23.92,24.87,23.92,24.87,21.3065,559390
2015-10-29,24.84,25.07,24.61,24.67,21.1351,649676
2015-10-30,24.69,24.69,23.79,24.03,20.587,534202
2015-11-02,24.14,24.73,24.05,24.7,21.1608,501591
2015-11-03,24.62,25.0,24.53,24.84,21.2811,476388
2015-11-04,24.93,24.985,24.705,24.9,21.3326,302524
2015-11-05,24.82,25.44,24.615,25.31,21.6832,444727
2015-11-06,25.54,25.98,25.54,25.915,22.2017,613883
2015-11-09,25.99,26.04,25.46,25.6,21.932,415596
2015-11-10,25.59,25.77,25.32,25.63,21.9575,569978
2015-11-11,25.77,25.776,25.11,25.22,21.6066,376387
2015-11-12,25.07,25.31,24.63,24.65,21.1179,364775
2015-11-13,24.51,24.78,24.38,24.59,21.0666,594438
2015-11-16,24.48,24.85,24.37,24.84,21.2811,437996
2015-11-17,24.92,25.51,24.28,24.79,21.2382,513502
2015-11-18,24.96,25.1,24.51,25.06,21.4695,395656
2015-11-19,25.02,25.1238,24.8,24.95,21.3752,328363
2015-11-20,25.02,25.31,24.93,25.08,21.4865,308860
2015-11-23,25.15,25.51,24.99,25.21,21.5977,332838
2015-11-24,25.04,25.4,24.87,25.33,21.7007,268270
2015-11-25,25.36,25.38,25.05,25.37,21.7346,192373
2015-11-27,25.24,25.36,24.95,25.22,21.804000000000002,160770
2015-11-30,25.27,25.37,25.0,25.25,21.83,399809
2015-12-01,25.3,25.45,25.09,25.27,21.8473,257009
2015-12-02,25.34,25.49,24.655,24.74,21.3893,506540
2015-12-03,24.93,25.0,24.38,24.46,21.1471,533494
2015-12-04,24.46,24.94,24.45,24.76,21.4063,390945
2015-12-07,24.63,24.798000000000002,24.08,24.19,20.9135,447479
2015-12-08,23.99,24.19,23.64,23.65,20.4467,606538
2015-12-09,23.63,23.84,23.18,23.55,20.3604,614621
2015-12-10,23.55,23.84,23.29,23.55,20.3604,451627
2015-12-11,23.11,23.35,23.0,23.12,19.9885,717902
2015-12-14,23.12,23.5,22.88,23.22,20.075,776461
2015-12-15,23.5,23.96,23.39,23.78,20.5592,573151
2015-12-16,23.95,24.05,23.43,23.91,20.6717,586587
2015-12-17,23.85,23.98,23.445,23.57,20.3776,485098
2015-12-18,23.44,23.56,22.73,22.91,19.807000000000002,3157922
2015-12-21,22.98,23.38,22.98,23.29,20.1354,502045
2015-12-22,23.37,23.37,22.95,23.33,20.17,338351
2015-12-23,23.54,23.61,23.32,23.42,20.2482,444784
2015-12-24,23.47,23.69,23.38,23.52,20.3343,229965
2015-12-28,23.39,23.74,23.19,23.49,20.3085,395179
2015-12-29,23.67,23.84,23.52,23.8,20.5765,269294
2015-12-30,23.79,23.79,23.41,23.44,20.2649,355362
2015-12-31,23.3,23.49,23.03,23.04,19.9195,481574
2016-01-04,22.62,22.92,22.4499,22.63,19.5649,801092
2016-01-05,22.74,22.88,22.475,22.66,19.590999999999998,463833
2016-01-06,22.36,22.56,22.29,22.32,19.2969,690689
2016-01-07,21.95,22.27,21.77,21.77,18.8213,660723
2016-01-08,21.91,21.98,21.37,21.4,18.5015,736972
2016-01-11,21.54,21.7,21.39,21.5,18.5882,639660
2016-01-12,21.67,21.71,21.15,21.55,18.6313,628831
2016-01-13,21.6,21.6,20.65,20.79,17.974,704854
2016-01-14,20.97,21.15,20.71,20.9,18.0692,608090
2016-01-15,20.3,20.68,20.14,20.66,17.8617,676475
2016-01-19,20.91,20.98,20.41,20.53,17.7491,415172
2016-01-20,20.22,20.61,19.75,20.42,17.6542,874611
2016-01-21,20.49,20.68,20.1,20.14,17.4122,563379
2016-01-22,20.41,20.78,20.16,20.76,17.9482,645590
2016-01-25,20.56,20.76,19.9,19.93,17.2304,641487
2016-01-26,20.1,20.63,20.1,20.55,17.7666,579390
2016-01-27,21.38,21.38,20.33,20.84,18.0174,594336
2016-01-28,21.0,21.44,21.0,21.25,18.3717,582044
2016-01-29,21.16,21.64,21.15,21.64,18.709,632379
2016-02-01,21.54,21.7,21.3001,21.5,18.5882,372622
2016-02-02,21.25,21.36,20.82,20.92,18.0865,614611
2016-02-03,21.14,21.24,20.48,21.14,18.2766,578300
2016-02-04,21.17,21.67,21.08,21.4,18.5015,587062
2016-02-05,21.48,21.65,21.1,21.11,18.2507,429592
2016-02-08,20.86,21.5,20.77,21.41,18.51,621434
2016-02-09,21.12,21.91,21.12,21.68,18.7435,724981
2016-02-10,21.81,22.0,21.305,21.31,18.4236,452249
2016-02-11,20.81,21.2,20.6,20.94,18.1039,431397
2016-02-12,21.1,21.59,21.1,21.49,18.5793,454589
2016-02-16,21.91,22.3,21.54,22.15,19.1498,426437
2016-02-17,22.34,22.45,21.97,22.04,19.0548,388750
2016-02-18,22.17,22.49,21.79,22.21,19.2017,605107
2016-02-19,22.09,22.47,21.9032,22.32,19.2969,522660
2016-02-22,22.5,22.65,22.33,22.48,19.4353,387881
2016-02-23,22.46,22.46,21.893,22.0,19.0202,310260
2016-02-24,21.7,22.13,21.43,22.1,19.1066,307824
2016-02-25,22.13,22.34,21.88,22.19,19.1846,294401
2016-02-26,22.18,22.51,22.05,22.38,19.5515,336171
2016-02-29,22.38,22.44,21.87,21.88,19.1147,358979
2016-03-01,22.01,22.66,22.01,22.65,19.7873,322639
2016-03-02,22.66,22.92,22.53,22.92,20.0233,294901
2016-03-03,22.92,23.44,22.9,23.34,20.3902,469717
2016-03-04,23.48,23.64,23.24,23.52,20.5474,437714
2016-03-07,23.39,23.61,23.32,23.48,20.5122,391529
2016-03-08,23.27,23.41,22.92,22.94,20.0406,366376
2016-03-09,23.12,23.21,22.69,22.78,19.9008,381410
2016-03-10,22.93,23.07,21.98,22.98,20.0757,320088
2016-03-11,23.19,23.42,23.1,23.39,20.4338,379522
2016-03-14,23.28,23.36,23.01,23.2,20.2676,287384
2016-03-15,23.14,23.195999999999998,22.87,22.91,20.0146,411865
2016-03-16,22.89,23.065,22.5,22.63,19.7697,402268
2016-03-17,22.62,23.11,22.39,23.01,20.1018,535688
2016-03-18,23.12,23.54,23.1,23.37,20.4162,1425456
2016-03-21,23.41,23.59,23.06,23.33,20.3813,404528
2016-03-22,23.23,23.24,22.98,23.14,20.2152,346801
2016-03-23,23.13,23.3,22.8,22.82,19.9358,354822
2016-03-24,22.62,22.8,22.425,22.8,19.9184,258484
2016-03-28,22.92,23.0,22.63,22.76,19.8835,179416
2016-03-29,22.6,23.11,22.38,23.08,20.163,443057
2016-03-30,23.18,23.39,23.02,23.16,20.2329,316560
2016-03-31,23.04,23.23,22.895,23.03,20.1192,287334
2016-04-01,22.85,23.04,22.61,23.02,20.1105,320502
2016-04-04,23.06,23.11,22.78,22.84,19.953,224899
2016-04-05,22.66,22.8,22.345,22.36,19.5339,558094
2016-04-06,22.43,22.62,22.16,22.52,19.6737,714082
2016-04-07,22.32,22.41,21.93,22.06,19.2718,663284
2016-04-08,22.32,22.47,22.08,22.23,19.4204,474992
2016-04-11,22.3,22.83,22.268,22.45,19.6124,332786
2016-04-12,22.53,22.94,22.47,22.93,20.0319,301594
2016-04-13,23.13,23.64,23.13,23.63,20.6433,616801
2016-04-14,23.6,24.02,23.49,23.66,20.6696,401049
2016-04-15,23.61,23.98,23.57,23.71,20.7133,324575
2016-04-18,23.54,23.86,23.54,23.8,20.7919,289841
2016-04-19,23.91,24.2,23.82,24.14,21.0889,366623
2016-04-20,24.18,24.42,24.02,24.33,21.2548,331916
2016-04-21,24.38,24.47,24.1864,24.21,21.1501,398767
2016-04-22,24.29,24.5639,24.2,24.42,21.3337,411810
2016-04-25,24.27,24.36,24.06,24.22,21.1589,348830
2016-04-26,24.23,24.525,24.09,24.43,21.3424,365750
2016-04-27,24.4,24.61,24.0901,24.36,21.2814,410573
2016-04-28,24.37,24.75,24.28,24.51,21.4122,371945
2016-04-29,24.5,24.73,24.3,24.51,21.4122,367651
2016-05-02,24.66,24.73,24.37,24.58,21.4734,480677
2016-05-03,24.29,24.51,23.87,24.12,21.0715,381190
2016-05-04,23.95,24.2,23.61,23.85,20.8357,333342
2016-05-05,23.98,24.0,23.65,23.72,20.721999999999998,442282
2016-05-06,23.62,23.85,23.53,23.83,20.8181,301748
2016-05-09,23.74,24.03,23.55,23.78,20.7744,251277
2016-05-10,23.94,24.26,23.85,24.11,21.0628,277557
2016-05-11,24.12,24.2911,24.0,24.07,21.0278,285307
2016-05-12,24.06,24.29,23.86,24.09,21.0452,367738
2016-05-13,24.07,24.3392,23.59,23.72,20.721999999999998,426526
2016-05-16,23.66,24.23,23.66,24.07,21.0278,325124
2016-05-17,23.95,24.21,23.595,23.67,20.6783,373763
2016-05-18,23.67,24.5,23.67,24.46,21.3685,385848
2016-05-19,24.39,24.73,23.95,24.16,21.1065,290074
2016-05-20,24.28,24.66,24.28,24.52,21.4208,393829
2016-05-23,24.51,24.73,24.26,24.44,21.351,325258
2016-05-24,24.6,24.99,24.3846,24.91,21.7615,383502
2016-05-25,25.0,25.21,24.18,25.0,21.84,548822
2016-05-26,24.98,24.98,24.655,24.71,21.5869,298322
2016-05-27,24.49,24.82,24.49,24.81,21.8779,316208
2016-05-31,24.93,24.97,24.7,24.78,21.8513,424975
2016-06-01,24.66,24.96,24.51,24.86,21.921999999999997,444131
2016-06-02,24.82,24.86,24.6,24.85,21.9129,290941
2016-06-03,24.62,24.62,24.02,24.415,21.5296,388875
2016-06-06,24.51,24.92,24.51,24.76,21.8338,319041
2016-06-07,24.81,24.82,24.6,24.69,21.7722,244853
2016-06-08,24.67,24.84,24.555,24.73,21.8072,255314
2016-06-09,24.54,24.76,24.17,24.62,21.7101,375475
2016-06-10,24.24,24.62,24.1901,24.41,21.5252,337942
2016-06-13,24.28,24.56,24.14,24.28,21.4105,548716
2016-06-14,24.2,24.39,23.83,23.96,21.1284,542302
2016-06-15,24.0,24.445999999999998,23.83,24.01,21.1725,397601
2016-06-16,23.87,23.92,23.56,23.86,21.0402,446407
2016-06-17,23.93,24.25,23.83,23.98,21.146,948209
2016-06-20,24.38,24.84,24.38,24.58,21.675,544191
2016-06-21,24.57,24.68,24.36,24.53,21.6309,567698
2016-06-22,24.53,24.84,24.53,24.55,21.6487,295062
2016-06-23,24.89,25.29,24.89,25.28,22.2923,636363
2016-06-24,24.02,24.37,23.77,23.98,21.146,753949
2016-06-27,23.57,23.61,22.95,23.17,20.4317,718455
2016-06-28,23.32,23.8,23.25,23.69,20.8902,512842
2016-06-29,24.02,24.22,23.87,24.2,21.3399,407933
2016-06-30,24.26,24.85,24.02,24.85,21.9129,635388
2016-07-01,24.51,24.7,24.31,24.64,21.728,431872
2016-07-05,24.35,24.35,23.78,23.94,21.1106,692568
2016-07-06,23.83,24.195,23.67,24.13,21.2784,402782
2016-07-07,24.13,24.54,24.03,24.28,21.4105,343323
2016-07-08,24.65,24.84,24.5,24.69,21.7722,504476
2016-07-11,24.9,25.21,24.84,25.16,22.1866,507221
2016-07-12,25.48,25.81,25.45,25.67,22.6362,758376
2016-07-13,25.73,25.75,25.53,25.69,22.6538,383562
2016-07-14,25.98,26.08,25.83,25.9,22.839000000000002,856374
2016-07-15,26.01,26.01,25.735,25.88,22.8215,573776
2016-07-18,25.78,25.965,25.67,25.69,22.6538,241175
2016-07-19,25.65,25.96,25.581999999999997,25.84,22.7862,372607
2016-07-20,25.94,25.95,25.63,25.65,22.6187,269232
2016-07-21,25.57,25.67,25.33,25.44,22.4334,327239
2016-07-22,25.43,25.81,25.33,25.72,22.6803,261727
2016-07-25,25.65,25.71,25.5,25.55,22.5303,190148
2016-07-26,25.51,25.77,25.17,25.69,22.6538,300617
2016-07-27,25.75,26.19,25.43,26.03,22.9537,483220
2016-07-28,26.55,26.62,25.94,26.27,23.1652,377497
2016-07-29,26.23,26.34,26.08,26.1,23.0154,481272
2016-08-01,26.2,26.38,25.91,25.97,22.9009,356157
2016-08-02,25.92,25.97,25.6,25.69,22.6538,286430
2016-08-03,25.68,26.03,25.68,26.02,22.9449,332320
2016-08-04,26.01,26.14,25.94,26.05,22.9713,231941
2016-08-05,26.27,26.94,26.14,26.93,23.7473,411718
2016-08-08,26.89,26.985,26.715,26.86,23.6856,274360
2016-08-09,26.94,27.095,25.56,27.0,23.8088,283280
2016-08-10,27.05,27.05,26.67,26.75,23.5886,247448
2016-08-11,26.77,26.95,26.607,26.77,23.6064,200991
2016-08-12,26.6,27.0,25.6818,26.76,23.5974,177499
2016-08-15,26.86,27.0325,26.75,26.99,23.8002,226448
2016-08-16,26.84,27.0,26.67,26.89,23.7121,220960
2016-08-17,26.87,27.11,26.87,27.02,23.8268,280810
2016-08-18,26.95,27.36,26.85,27.36,24.1265,344080
2016-08-19,27.25,27.49,27.03,27.33,24.1,773279
2016-08-22,27.31,27.58,27.25,27.55,24.2941,322563
2016-08-23,27.68,27.82,27.42,27.69,24.4173,385842
2016-08-24,27.78,27.87,27.71,27.84,24.55,301728
2016-08-25,27.91,28.05,27.84,27.99,24.6821,393835
2016-08-26,28.0,28.16,27.88,28.08,24.7614,428937
2016-08-29,28.18,28.38,28.1,28.27,24.9291,455560
2016-08-30,28.17,28.39,27.98,28.39,25.2403,436472
2016-08-31,28.47,28.55,28.05,28.36,25.2135,530894
2016-09-01,28.53,28.53,27.88,28.13,25.0088,655738
2016-09-02,28.33,28.46,27.95,28.44,25.2846,473846
2016-09-06,28.58,28.58,27.99,28.15,25.0268,494163
2016-09-07,28.17,28.49,28.06,28.48,25.3201,442422
2016-09-08,28.51,28.705,28.4,28.67,25.4889,322551
2016-09-09,28.64,28.7,28.38,28.38,25.2311,570459
2016-09-12,28.18,28.51,27.99,28.51,25.3467,431924
2016-09-13,28.3,28.3,27.64,27.91,24.8134,616204
2016-09-14,27.89,27.98,27.38,27.44,24.3955,719862
2016-09-15,27.49,27.68,27.42,27.58,24.52,653412
2016-09-16,27.52,27.58,27.17,27.32,24.289,752703
2016-09-19,27.52,28.23,27.33,27.48,24.430999999999997,318899
2016-09-20,27.64,27.74,27.4,27.42,24.3778,320891
2016-09-21,27.61,27.7,27.36,27.54,24.4844,236855
2016-09-22,27.63,27.98,27.55,27.97,24.8666,307479
2016-09-23,27.84,28.11,27.77,27.88,24.7868,275412
2016-09-26,27.69,27.88,27.25,27.26,24.2355,265483
2016-09-27,27.16,27.53,27.1,27.44,24.3955,222095
2016-09-28,27.5,27.69,27.33,27.66,24.5912,244002
2016-09-29,27.71,27.8,27.18,27.18,24.1643,301880
2016-09-30,27.27,27.71,27.24,27.56,24.5022,303559
2016-10-03,27.32,27.58,27.17,27.27,24.2445,369972
2016-10-04,27.34,27.46,27.06,27.2,24.1823,441513
2016-10-05,27.3,27.84,27.2604,27.61,24.5466,383093
2016-10-06,27.67,27.878,27.49,27.83,24.7424,208531
2016-10-07,27.82,27.82,27.28,27.72,24.6445,339098
2016-10-10,27.88,28.17,27.88,28.01,24.9024,156288
2016-10-11,28.05,28.12,27.57,27.74,24.6622,235989
2016-10-12,27.82,27.93,27.7,27.75,24.6713,149312
2016-10-13,27.47,27.47,26.86,27.14,24.1288,347372
2016-10-14,27.41,27.49,27.08,27.18,24.1643,218372
2016-10-17,27.23,27.24,26.97,26.99,23.9954,200724
2016-10-18,27.3,27.46,27.03,27.28,24.2533,264286
2016-10-19,27.29,27.84,27.29,27.72,24.6445,179868
2016-10-20,27.6,27.94,27.54,27.63,24.5644,193781
2016-10-21,27.39,27.67,27.39,27.62,24.5556,123211
2016-10-24,27.79,28.09,27.76,27.86,24.7691,147393
2016-10-25,27.78,27.88,27.64,27.76,24.6801,284470
2016-10-26,28.0,28.57,27.76,27.86,24.7691,293113
2016-10-27,27.94,28.05,27.75,27.92,24.8223,264982
2016-10-28,27.88,27.9,27.42,27.49,24.4401,235368
2016-10-31,27.55,27.81,27.51,27.68,24.6088,425224
2016-11-01,27.71,27.81,27.15,27.31,24.2799,218901
2016-11-02,27.17,27.19,26.83,26.85,23.8712,224425
2016-11-03,26.99,27.11,26.863000000000003,26.92,23.9334,204530
2016-11-04,26.94,27.39,26.81,26.96,23.9688,194548
2016-11-07,27.51,28.15,27.42,28.07,24.9555,264030
2016-11-08,27.92,28.15,27.64,27.87,24.7778,312699
2016-11-09,28.18,29.74,28.05,29.56,26.2806,499446
2016-11-10,29.97,31.15,29.79,30.65,27.2494,657433
2016-11-11,30.62,31.37,30.16,31.24,27.774,913254
2016-11-14,31.67,32.37,31.31,31.89,28.3518,683567
2016-11-15,31.58,32.23,31.28,32.18,28.6099,405121
2016-11-16,31.9,32.19,31.62,32.14,28.5741,324935
2016-11-17,32.26,32.91,31.95,32.88,29.2321,367709
2016-11-18,32.88,33.55,32.58,33.33,29.6321,540599
2016-11-21,33.43,33.97,32.87,33.5,29.7831,299144
2016-11-22,33.7,33.91,33.2315,33.89,30.1299,283031
2016-11-23,34.01,34.5,33.81,34.39,30.5746,355840
2016-11-25,34.38,34.48,34.1001,34.48,30.6543,120042
2016-11-28,34.27,34.34,33.62,33.72,29.9789,272645
2016-11-29,33.59,33.98,32.969,33.77,30.2296,263096
2016-11-30,34.17,34.25,33.69,33.71,30.1758,455291
2016-12-01,33.94,34.25,33.79,34.23,30.6413,279775
2016-12-02,34.04,34.04,33.53,33.58,30.0593,277047
2016-12-05,33.85,34.32,33.85,34.2,30.6145,445209
2016-12-06,34.45,35.16,34.13,35.08,31.4022,484154
2016-12-07,35.04,35.7,34.83,35.62,31.8855,377276
2016-12-08,35.71,36.64,35.4549,36.49,32.6644,464716
2016-12-09,36.62,36.71,35.85,36.67,32.8255,428117
2016-12-12,36.53,36.79,35.83,35.99,32.2168,344480
2016-12-13,36.05,36.285,35.39,35.85,32.0913,540946
2016-12-14,35.58,35.86,34.89,35.01,31.3395,500880
2016-12-15,35.29,35.97,35.13,35.58,31.8496,441677
2016-12-16,35.76,36.23,35.11,35.2,31.5095,2069688
2016-12-19,35.27,35.66,34.86,35.42,31.7064,394484
2016-12-20,35.63,36.19,35.62,36.19,32.3957,304062
2016-12-21,36.04,36.27,35.79,35.8,32.0466,442209
2016-12-22,35.96,36.15,35.48,35.75,32.0018,234466
2016-12-23,35.79,35.81,35.54,35.8,32.0466,162373
2016-12-27,35.85,36.265,35.59,36.2,32.4048,175966
2016-12-28,36.26,36.32,35.9,36.03,32.2525,214621
2016-12-29,35.93,36.25,35.42,35.73,31.984,195762
2016-12-30,35.6,35.87,35.49,35.65,31.9122,249607
2017-01-03,36.19,36.58,35.32,35.7,31.9571,280847
2017-01-04,35.92,36.19,35.68,36.08,32.2972,286686
2017-01-05,35.97,36.04,34.99,35.19,31.5004,328201
2017-01-06,35.41,35.44,34.9,34.91,31.25,279954
2017-01-09,34.63,34.71,34.02,34.29,30.6948,646153
2017-01-10,34.45,34.87,34.075,34.72,31.0798,507763
2017-01-11,34.74,35.16,34.321,35.13,31.447,301174
2017-01-12,34.95,34.95,33.81,34.24,30.6502,360063
2017-01-13,34.56,35.32,34.23,34.26,30.668000000000003,443858
2017-01-17,33.93,33.94,33.14,33.18,29.7014,311095
2017-01-18,33.48,33.48,32.93,33.3,29.8087,318196
2017-01-19,33.35,33.51,32.64,32.9,29.4506,456454
2017-01-20,32.99,33.3,32.87,33.2,29.7193,398188
2017-01-23,33.1,33.25,32.66,33.0,29.5401,233876
2017-01-24,33.12,33.54,32.72,33.335,29.8401,391756
2017-01-25,33.03,34.04,32.98,33.83,30.283,406575
2017-01-26,33.82,34.11,33.75,33.95,30.3905,246172
2017-01-27,33.88,33.88,33.5,33.68,30.1487,170592
2017-01-30,33.4,33.4,32.72,33.1,29.6299,247256
2017-01-31,33.06,33.73,32.92,33.62,30.0953,375289
2017-02-01,33.99,34.29,33.26,33.38,29.8803,318380
2017-02-02,33.25,33.25,32.86,33.05,29.5848,365661
2017-02-03,33.59,33.96,33.46,33.66,30.1309,286055
2017-02-06,33.39,33.72,33.2,33.23,29.7462,182238
2017-02-07,33.4,33.44,32.77,32.91,29.4595,216933
2017-02-08,32.78,32.88,32.34,32.63,29.2089,301931
2017-02-09,32.74,33.43,32.65,33.28,29.7908,294476
2017-02-10,33.53,33.57,33.12,33.53,30.0146,204371
2017-02-13,33.84,34.03,33.57,33.63,30.104,183009
2017-02-14,33.6,34.13,33.48,33.94,30.3816,376224
2017-02-15,34.1,34.12,33.72,33.99,30.4264,321771
2017-02-16,33.99,34.25,33.61,34.24,30.6502,387470
2017-02-17,34.17,34.5,33.84,34.24,30.6502,424640
2017-02-21,34.33,34.48,33.75,34.05,30.4801,248731
2017-02-22,33.92,34.12,33.61,33.87,30.3187,423102
2017-02-23,33.95,34.06,33.27,34.05,30.4801,397095
2017-02-24,33.46,33.8,33.42,33.73,30.1938,327979
2017-02-27,33.61,33.66,33.34,33.59,30.2749,321968
2017-02-28,33.4,33.7,32.95,33.04,29.7791,414737
2017-03-01,33.64,34.13,33.27,34.02,30.6624,432888
2017-03-02,34.06,34.06,32.765,32.8,29.5626,408040
2017-03-03,32.82,33.225,32.72,32.87,29.6258,347444
2017-03-06,32.62,32.95,32.31,32.74,29.5087,390259
2017-03-07,32.73,32.955999999999996,32.5,32.63,29.4094,234007
2017-03-08,32.96,33.025,32.27,32.31,29.1211,233998
2017-03-09,32.34,32.65,32.1,32.15,28.9767,278920
2017-03-10,32.34,32.39,31.62,32.03,28.8687,260343
2017-03-13,31.97,32.42,31.91,32.02,28.8596,269254
2017-03-14,31.81,32.06,31.47,31.97,28.8147,239083
2017-03-15,32.17,32.42,31.72,31.95,28.7967,405373
2017-03-16,32.09,32.55,32.08,32.51,29.3013,508042
2017-03-17,32.4,32.85,32.05,32.84,29.5988,2535000
2017-03-20,32.65,32.8,32.18,32.34,29.1481,242592
2017-03-21,32.59,32.59,30.74,30.75,27.715,619740
2017-03-22,31.05,31.26,30.11,30.56,27.5438,558039
2017-03-23,30.43,31.3,30.43,31.05,27.9854,323355
2017-03-24,31.16,31.32,30.81,31.06,27.9944,277207
2017-03-27,30.39,30.98,30.03,30.87,27.8233,305305
2017-03-28,30.8,31.39,30.64,31.23,28.1477,297817
2017-03-29,31.11,31.29,30.9,31.06,27.9944,171450
2017-03-30,31.04,32.17,31.04,32.07,28.9047,300272
2017-03-31,32.01,32.2,30.67,31.79,28.6526,453092
2017-04-03,31.85,31.89,31.23,31.58,28.4633,407757
2017-04-04,31.47,31.69,31.28,31.52,28.4089,334586
2017-04-05,31.83,32.01,30.94,30.95,27.8953,363952
2017-04-06,30.97,31.576999999999998,30.6,31.42,28.3189,365395
2017-04-07,31.21,31.38,30.92,31.23,28.1477,357130
2017-04-10,31.25,31.57,30.75,31.09,28.0215,195698
2017-04-11,30.95,31.58,30.84,31.58,28.4633,303626
2017-04-12,31.59,31.91,30.95,31.12,28.0485,222670
2017-04-13,30.9,31.08,30.4,30.45,27.4446,291035
2017-04-17,30.62,31.25,30.255,31.09,28.0215,193324
2017-04-18,30.84,31.22,30.64,31.14,28.0664,257365
2017-04-19,31.38,31.9,31.15,31.5,28.3911,310536
2017-04-20,31.76,32.3,31.61,32.28,29.094,395012
2017-04-21,32.15,32.4,32.01,32.2,29.022,299833
2017-04-24,33.03,33.3,32.77,32.83,29.5899,322602
2017-04-25,33.24,33.345,32.5,32.97,29.7159,283650
2017-04-26,33.26,34.09,33.0,33.81,30.4729,609893
2017-04-27,34.06,34.06,33.33,33.73,30.4009,394566
2017-04-28,33.81,34.01,33.2,33.22,29.9415,503171
2017-05-01,33.41,33.8,33.1,33.6,30.2837,219314
2017-05-02,33.56,33.57,32.96,33.16,29.8872,318947
2017-05-03,32.97,33.54,32.85,33.46,30.1575,236736
2017-05-04,33.75,34.08,33.33,33.47,30.1669,256725
2017-05-05,33.63,33.63,33.01,33.4,30.1035,173546
2017-05-08,33.4,33.56,33.1,33.3,30.0135,307264
2017-05-09,33.36,33.55,32.9,33.08,29.8151,320471
2017-05-10,32.93,33.16,32.75,33.03,29.77,319104
2017-05-11,32.79,32.975,32.15,32.3,29.1121,403641
2017-05-12,32.11,32.23,31.61,32.11,28.9411,258651
2017-05-15,32.3,32.61,32.25,32.54,29.3284,293108
2017-05-16,32.59,32.62,32.065,32.58,29.3644,326835
2017-05-17,31.78,32.14,30.54,30.92,27.8683,546576
2017-05-18,30.76,31.42,30.6,30.87,27.8233,417345
2017-05-19,30.81,31.32,30.81,31.1,28.0305,431543
2017-05-22,31.2,31.43,31.015,31.24,28.1566,621946
2017-05-23,31.34,31.86,31.0301,31.72,28.5892,246951
2017-05-24,31.85,31.85,31.18,31.41,28.3099,189010
2017-05-25,31.53,31.72,31.16,31.43,28.3279,220089
2017-05-26,31.33,31.46,31.06,31.31,28.2198,136995
2017-05-30,30.96,31.04,30.51,30.73,27.9059,233914
2017-05-31,30.78,30.78,29.99,30.41,27.6152,205632
2017-06-01,30.6,31.16,30.34,31.14,28.278000000000002,277722
2017-06-02,30.88,31.48,30.64,30.99,28.1419,261053
2017-06-05,30.96,31.39,30.73,31.0,28.151,183843
2017-06-06,30.63,31.09,30.5,30.82,27.9877,153843
2017-06-07,30.88,31.28,30.87,31.06,28.2055,228767
2017-06-08,30.97,32.86,30.96,32.15,29.1953,359578
2017-06-09,32.38,33.82,32.38,33.42,30.3485,359755
2017-06-12,33.56,34.15,33.1,33.4,30.3306,353300
2017-06-13,33.64,33.79,33.15,33.35,30.2851,178107
2017-06-14,33.08,33.21,32.42,33.09,30.0491,276488
2017-06-15,32.8,33.57,32.8,33.14,30.0944,189096
2017-06-16,32.87,33.19,32.8,33.03,29.9945,1088475
2017-06-19,33.23,33.45,32.83,33.0,29.9674,239757
2017-06-20,32.83,32.83,32.34,32.47,29.486,178501
2017-06-21,32.53,32.62,32.135,32.2,29.2407,414761
2017-06-22,32.15,32.28,31.56,31.67,28.7594,410165
2017-06-23,31.48,31.69,31.03,31.42,28.5327,622554
2017-06-26,31.63,31.84,31.045,31.31,28.4326,287180
2017-06-27,31.39,31.76,31.35,31.43,28.5415,298286
2017-06-28,31.67,32.23,31.67,31.93,28.9956,392632
2017-06-29,32.56,33.0,32.07,32.48,29.4952,272251
2017-06-30,32.58,32.58,32.13,32.16,29.2045,321100
2017-07-03,32.29,33.04,32.29,32.71,29.704,209118
2017-07-05,32.72,32.78,32.25,32.72,29.713,168703
2017-07-06,32.64,32.85,32.13,32.24,29.2771,270517
2017-07-07,32.42,32.6,31.92,32.45,29.4678,253373
2017-07-10,32.35,33.21,32.19,32.49,29.5041,268346
2017-07-11,32.45,32.6772,32.02,32.36,29.3859,334253
2017-07-12,32.31,32.66,32.22,32.35,29.3771,227302
2017-07-13,32.35,32.57,32.17,32.42,29.4407,121254
2017-07-14,32.07,32.46,31.86,32.2,29.2407,279109
2017-07-17,32.14,32.35,31.89,32.15,29.1953,208070
2017-07-18,32.0,32.23,31.62,32.11,29.1592,234198
2017-07-19,32.15,32.43,31.685,32.08,29.1318,218104
2017-07-20,32.09,32.28,31.8,32.01,29.0682,173115
2017-07-21,32.25,32.38,31.81,31.94,29.0047,216956
2017-07-24,31.84,32.2,31.84,32.11,29.1592,250248
2017-07-25,32.75,33.13,32.31,33.1,30.058000000000003,485467
2017-07-26,33.06,33.13,32.07,32.14,29.1863,339778
2017-07-27,32.28,32.61,32.005,32.27,29.3044,210214
2017-07-28,32.17,32.205,31.62,31.76,28.8413,326705
2017-07-31,32.01,32.22,31.76,31.96,29.0229,222230
2017-08-01,32.09,32.13,31.88,32.06,29.1135,222091
2017-08-02,32.01,32.24,31.61,31.96,29.0229,183511
2017-08-03,31.87,32.16,31.53,31.65,28.7413,187884
2017-08-04,31.89,32.01,31.7,31.7,28.7867,176616
2017-08-07,31.68,31.995,31.44,31.49,28.596,231007
2017-08-08,31.42,32.15,31.35,31.56,28.6595,244871
2017-08-09,31.25,31.41,30.94,31.11,28.250999999999998,303291
2017-08-10,30.83,31.005,30.29,30.32,27.5336,242058
2017-08-11,30.45,30.65,29.81,29.94,27.1885,282406
2017-08-14,30.18,30.73,30.18,30.72,27.8968,227532
2017-08-15,30.91,31.02,30.3,30.41,27.6152,182839
2017-08-16,30.52,30.73,30.215,30.34,27.5517,203221
2017-08-17,30.16,30.56,29.29,29.35,26.6527,271906
2017-08-18,29.12,29.73,28.99,29.53,26.8162,294507
2017-08-21,29.44,29.69,29.23,29.62,26.8979,214518
2017-08-22,29.81,29.89,29.58,29.84,27.0977,143658
2017-08-23,29.55,30.18,29.51,29.94,27.1885,155919
2017-08-24,30.09,30.09,29.75,29.99,27.2339,97694
2017-08-25,30.04,30.29,30.04,30.09,27.3246,162593
2017-08-28,30.15,30.28,29.73,29.9,27.1521,157774
2017-08-29,29.48,29.92,29.33,29.81,27.0705,268113
2017-08-30,29.69,29.92,29.58,29.7,27.1802,174061
2017-08-31,29.81,29.89,29.58,29.62,27.107,143903
2017-09-01,29.68,29.985,29.62,29.83,27.2991,131664
2017-09-05,29.66,29.66,28.9,28.94,26.4848,167080
2017-09-06,29.03,29.34,29.01,29.08,26.6129,150580
2017-09-07,29.01,29.01,28.16,28.36,25.9539,236371
2017-09-08,28.36,28.88,28.31,28.68,26.2469,165653
2017-09-11,29.05,29.7,28.99,29.4,26.9057,200325
2017-09-12,29.45,30.15,29.45,30.1,27.5463,143646
2017-09-13,30.05,30.47,29.94,30.36,27.7843,226740
2017-09-14,30.37,30.52,29.99,30.01,27.4639,186678
2017-09-15,30.02,30.26,29.81,30.13,27.5737,924374
2017-09-18,30.22,30.72,30.16,30.57,27.9765,145879
2017-09-19,30.6,30.9,29.955,30.78,28.1686,173468
2017-09-20,30.74,31.36,30.4,31.2,28.5529,197126
2017-09-21,31.19,31.46,31.1766,31.36,28.6995,109919
2017-09-22,31.3,31.6,31.1,31.43,28.7636,127542
2017-09-25,31.31,31.76,31.31,31.6,28.9189,112253
2017-09-26,31.65,31.92,31.52,31.79,29.093000000000004,158832
2017-09-27,32.2,33.1,31.81,32.81,30.0264,305191
2017-09-28,32.74,33.17,32.46,33.11,30.3012,238679
2017-09-29,33.03,33.42,33.03,33.12,30.3101,257311
2017-10-02,33.07,33.55,32.62,33.54,30.6943,229146
2017-10-03,33.45,33.46,32.9101,33.34,30.5115,273478
2017-10-04,33.28,33.33,32.79,32.92,30.1271,182598
2017-10-05,33.03,33.43,32.7,33.22,30.4016,180453
2017-10-06,33.27,33.42,33.0,33.2,30.3833,222692
2017-10-09,33.2,33.41,33.0,33.3,30.4747,129643
2017-10-10,33.3,33.85,33.18,33.84,30.969,216961
2017-10-11,33.63,33.96,33.46,33.66,30.8044,162786
2017-10-12,33.71,33.77,33.445,33.49,30.6487,140524
2017-10-13,33.35,33.61,33.015,33.29,30.4658,167615
2017-10-16,33.42,33.78,33.38,33.63,30.7768,120490
2017-10-17,33.66,33.76,33.12,33.21,30.3925,149068
2017-10-18,33.5,33.8899,33.36,33.68,30.8226,192235
2017-10-19,33.39,33.97,33.33,33.73,30.8683,164054
2017-10-20,34.08,34.08,33.58,33.77,30.905,387224
2017-10-23,33.87,33.9,33.2,33.3,30.4747,214090
2017-10-24,33.47,33.76,33.35,33.58,30.7311,191897
2017-10-25,34.48,34.48,33.02,33.41,30.5756,292489
2017-10-26,33.59,33.84,33.26,33.58,30.7311,241086
2017-10-27,33.59,33.99,33.305,33.68,30.8226,179191
2017-10-30,33.44,33.67,32.57,32.77,29.9897,217672
2017-10-31,32.89,33.21,32.745,32.94,30.1453,215464
2017-11-01,33.16,33.32,32.41,32.73,29.9532,121355
2017-11-02,32.68,33.38,31.531,33.13,30.3191,256509
2017-11-03,33.09,33.16,32.79,33.02,30.2187,202720
2017-11-06,32.94,33.19,32.79,32.95,30.1546,111309
2017-11-07,32.91,33.01,31.96,32.09,29.3675,152101
2017-11-08,31.87,32.035,31.54,31.86,29.156999999999996,184449
2017-11-09,31.56,31.92,31.24,31.6,28.9189,174940
2017-11-10,31.59,31.87,31.465,31.54,28.864,175432
2017-11-13,31.29,32.29,31.29,32.22,29.4865,175296
2017-11-14,31.91,32.39,31.91,32.34,29.5963,181639
2017-11-15,31.95,32.53,31.595,32.23,29.4958,510994
2017-11-16,32.54,32.89,32.2175,32.34,29.5963,369918
2017-11-17,32.12,32.58,31.94,32.46,29.7062,288447
2017-11-20,32.59,32.92,32.31,32.86,30.0722,420729
2017-11-21,32.9,32.98,32.61,32.94,30.1453,186964
2017-11-22,33.08,33.25,32.84,32.86,30.0722,168768
2017-11-24,33.03,33.03,32.53,32.6,29.8341,211491
2017-11-27,32.56,32.99,32.55,32.64,29.8706,160198
2017-11-28,32.69,33.82,32.54,33.77,30.905,326450
2017-11-29,33.96,35.09,33.62,34.85,31.8935,318860
2017-11-30,34.89,34.98,33.84,33.94,31.2669,310499
2017-12-01,33.98,33.98,32.42,33.83,31.1656,311427
2017-12-04,34.46,34.84,33.89,33.99,31.313000000000002,255451
2017-12-05,34.26,34.26,33.16,33.24,30.6219,222911
2017-12-06,33.22,33.42,32.95,33.0,30.4009,166754
2017-12-07,32.97,33.46,32.78,33.14,30.5298,176235
2017-12-08,33.39,33.49,32.87,32.93,30.3364,322147
2017-12-11,32.82,32.85,32.25,32.34,29.7929,191946
2017-12-12,32.51,32.88,32.3,32.63,30.06,162213
2017-12-13,32.53,33.09,32.46,32.55,29.9862,285983
2017-12-14,32.65,32.83,31.82,32.15,29.6179,263841
2017-12-15,32.34,33.7,32.16,33.06,30.4562,1225055
2017-12-18,33.36,33.81,33.07,33.62,30.9722,268162
2017-12-19,33.69,33.8,33.44,33.47,30.834,359562
2017-12-20,33.68,33.69,33.016999999999996,33.26,30.6405,214999
2017-12-21,33.39,33.7,33.3325,33.52,30.88,148092
2017-12-22,33.64,33.64,33.1,33.29,30.6681,153581
2017-12-26,33.24,33.39,32.79,32.93,30.3364,128180
2017-12-27,32.93,32.93,32.4,32.42,29.8667,232020
2017-12-28,32.55,32.98,32.37,32.48,29.9217,185201
2017-12-29,32.54,32.55,31.86,31.86,29.3508,253674
2018-01-02,32.06,32.29,31.5,31.81,29.3047,317232
2018-01-03,31.74,31.88,31.54,31.61,29.1205,349362
2018-01-04,31.91,32.26,31.49,31.92,29.406,312395
2018-01-05,32.02,32.18,31.67,32.01,29.4887,210923
2018-01-08,32.02,32.27,31.74,32.16,29.6271,284416
2018-01-09,32.26,32.77,32.245,32.54,29.9772,485880
2018-01-10,32.6,33.5,32.55,33.05,30.4468,260584
2018-01-11,33.5,33.65,33.08,33.65,30.9996,222158
2018-01-12,33.75,33.93,33.4019,33.77,31.1103,246179
2018-01-16,33.98,34.05,33.02,33.12,30.5115,288917
2018-01-17,33.38,33.59,32.97,33.57,30.9259,211193
2018-01-18,33.53,33.65,33.09,33.13,30.5207,191460
2018-01-19,33.06,33.57,33.06,33.56,30.9169,289569
2018-01-22,33.55,33.6276,33.245,33.56,30.9169,189983
2018-01-23,33.4,33.72,33.09,33.53,30.8894,344493
2018-01-24,32.69,33.57,32.4903,33.06,30.4562,449291
2018-01-25,33.15,33.15,31.87,32.23,29.6917,427261
2018-01-26,32.31,32.44,31.94,32.36,29.8113,231762
2018-01-29,32.33,32.615,32.04,32.05,29.5257,291284
2018-01-30,31.64,32.25,31.64,32.04,29.5166,379885
2018-01-31,32.13,32.32,31.73,31.79,29.2862,253802
2018-02-01,31.65,32.23,31.38,32.21,29.6732,244141
2018-02-02,32.03,32.53,31.85,31.89,29.3784,222200
2018-02-05,31.44,32.38,30.7,30.73,28.3097,538056
2018-02-06,30.02,31.14,29.78,30.95,28.5122,680118
2018-02-07,30.86,31.31,30.72,31.13,28.6782,203786
2018-02-08,31.25,31.32,30.42,30.425,28.0288,453938
2018-02-09,30.78,31.21,30.3,30.99,28.5494,343988
2018-02-12,31.14,31.27,30.57,30.94,28.5032,223709
2018-02-13,30.67,31.05,30.65,31.01,28.5676,153721
2018-02-14,31.0,31.84,30.9,31.82,29.3137,231742
2018-02-15,32.03,32.03,31.63,31.91,29.3968,229024
2018-02-16,31.73,32.49,31.46,32.34,29.7929,268046
2018-02-20,32.13,32.44,31.83,31.96,29.443,259189
2018-02-21,31.95,32.96,31.95,32.5,29.9404,285838
2018-02-22,32.68,32.91,31.98,32.02,29.4981,252601
2018-02-23,32.17,33.49,32.1,32.54,29.9772,210734
2018-02-26,32.6,33.05,32.26,32.6,30.0324,247557
2018-02-27,32.53,33.45,32.03,32.04,29.5166,252500
2018-02-28,32.02,32.26,31.21,31.24,28.9875,282762
2018-03-01,31.18,31.64,30.98,31.23,28.9783,260963
2018-03-02,31.0,32.0,30.81,31.89,29.5907,191090
2018-03-05,31.66,32.48,31.36,32.28,29.9526,230717
2018-03-06,32.38,32.94,32.05,32.88,30.5094,344651
2018-03-07,32.58,33.37,32.58,33.24,30.8433,335610
2018-03-08,33.3,33.44,32.5,32.68,30.3238,237875
2018-03-09,33.04,33.58,32.79,33.52,31.1032,273836
2018-03-12,33.45,33.6,33.2,33.44,31.0288,426337
2018-03-13,33.55,33.68,32.95,33.02,30.6393,406199
2018-03-14,33.23,33.23,32.185,32.35,30.0176,407266
2018-03-15,32.57,32.943000000000005,32.14,32.51,30.1663,431716
2018-03-16,32.61,33.1,32.38,33.06,30.6764,2578574
2018-03-19,32.9,33.03,32.22,32.79,30.426,282252
2018-03-20,32.81,33.01,32.25,32.4,30.064,207428
2018-03-21,32.45,32.9,32.26,32.63,30.2774,209889
2018-03-22,32.27,32.48,31.54,31.57,29.2939,377391
2018-03-23,31.6,31.63,30.59,30.61,28.4031,377074
2018-03-26,31.12,31.59,30.84,31.59,29.3124,245206
2018-03-27,31.62,31.62,30.65,30.79,28.5701,243116
2018-03-28,30.85,31.41,30.68,31.13,28.8857,261925
2018-03-29,31.26,31.5549,31.1,31.16,28.9135,334099
2018-04-02,31.14,31.16,30.12,30.45,28.2546,416521
2018-04-03,30.69,30.93,30.1801,30.84,28.6164,445822
2018-04-04,30.34,31.11,30.17,31.02,28.7836,402077
2018-04-05,31.2,31.36,30.91,31.29,29.0342,185558
2018-04-06,30.97,31.19,30.12,30.49,28.2918,242923
2018-04-09,30.65,31.245,30.43,30.45,28.2546,301875
2018-04-10,30.9,31.27,30.6,31.17,28.9226,247435
2018-04-11,30.87,31.04,30.73,30.94,28.7094,151866
2018-04-12,31.16,31.65,31.06,31.45,29.1824,154934
2018-04-13,31.69,31.69,30.95,31.04,28.8019,191747
2018-04-16,31.17,31.48,31.04,31.39,29.1268,202401
2018-04-17,31.52,31.52,30.671,30.89,28.6629,270298
2018-04-18,30.99,31.06,30.7,30.72,28.5053,233455
2018-04-19,30.7,31.15,30.7,30.94,28.7094,189362
2018-04-20,30.86,31.24,30.86,31.03,28.7929,211481
2018-04-23,31.21,31.69,31.07,31.63,29.3496,215168
2018-04-24,31.65,32.3,31.625,32.01,29.7022,248308
2018-04-25,32.14,32.47,31.8,32.15,29.8321,394942
2018-04-26,32.3,32.31,31.9,32.03,29.7207,286874
2018-04-27,32.02,32.33,31.96,32.08,29.7671,236548
2018-04-30,32.23,32.33,31.31,31.31,29.0526,258493
2018-05-01,31.24,31.69,30.87,31.57,29.2939,411328
2018-05-02,31.49,32.0,31.28,31.63,29.3496,229879
2018-05-03,31.48,31.58,31.07,31.27,29.0154,150910
2018-05-04,31.09,31.97,31.05,31.71,29.4237,173913
2018-05-07,31.76,32.09,31.29,31.87,29.5721,159080
2018-05-08,31.96,32.24,31.8,32.18,29.8598,154805
2018-05-09,32.25,32.56,32.02,32.35,30.0176,159736
2018-05-10,32.36,32.42,32.06,32.32,29.9897,124992
2018-05-11,32.31,32.53,32.17,32.22,29.8969,149183
2018-05-14,32.35,32.35,31.93,32.02,29.7113,125244
2018-05-15,32.0,32.59,31.85,32.35,30.0176,336981
2018-05-16,32.36,32.65,32.21,32.5,30.1567,176106
2018-05-17,32.57,32.69,32.3209,32.64,30.2868,143186
2018-05-18,32.8,32.8,32.38,32.4,30.064,255777
2018-05-21,32.43,32.99,32.43,32.96,30.5836,267000
2018-05-22,32.95,33.21,32.81,32.96,30.5836,255555
2018-05-23,32.85,32.98,32.66,32.91,30.5373,178241
2018-05-24,32.76,32.85,32.16,32.74,30.3796,143606
2018-05-25,32.56,32.82,32.4,32.55,30.2032,171540
2018-05-29,32.22,32.57,31.73,31.97,29.665,221491
2018-05-30,32.28,32.9,32.21,32.72,30.3609,312868
2018-05-31,32.5,32.64,32.13,32.17,30.0619,246234
2018-06-01,32.49,32.73,32.43,32.52,30.3889,171932
2018-06-04,32.65,33.11,32.56,33.07,30.9029,325721
2018-06-05,33.04,33.07,32.58,32.91,30.7534,156947
2018-06-06,32.95,33.38,32.91,33.37,31.1835,199115
2018-06-07,33.42,33.539,33.13,33.29,31.1085,144683
2018-06-08,33.29,33.49,32.44,33.41,31.2206,180719
2018-06-11,33.48,33.48,32.72,32.94,30.7813,163733
2018-06-12,33.0,33.02,32.39,32.52,30.3889,174042
2018-06-13,32.62,32.94,32.26,32.57,30.4357,234561
2018-06-14,32.71,32.75,32.06,32.63,30.4918,492120
2018-06-15,32.59,33.1,32.34,33.04,30.875,1045423
2018-06-18,32.8,33.42,32.67,33.31,31.1273,482238
2018-06-19,33.01,33.96,33.0,33.93,31.7066,424130
2018-06-20,34.0,34.15,33.85,33.98,31.7533,469913
2018-06-21,33.99,34.16,33.71,33.87,31.6506,530819
2018-06-22,34.03,34.15,33.55,33.82,31.6038,800812
2018-06-25,33.72,33.94,33.37,33.73,31.5196,336655
2018-06-26,33.73,33.88,33.25,33.3,31.1178,581094
2018-06-27,33.24,33.36,32.74,32.75,30.604,351878
2018-06-28,32.76,33.03,32.64,32.82,30.6694,373391
2018-06-29,33.06,33.41,32.63,32.63,30.4918,791132
2018-07-02,32.49,32.98,32.49,32.96,30.8001,303719
2018-07-03,32.99,33.25,32.78,32.81,30.6599,203413
2018-07-05,33.02,33.04,32.71,33.04,30.875,367209
2018-07-06,33.03,33.48,32.84,33.38,31.1926,266489
2018-07-09,33.55,33.96,33.45,33.86,31.6411,395535
2018-07-10,33.99,34.03,33.14,33.47,31.2766,235107
2018-07-11,33.39,33.68,33.33,33.5,31.3046,313778
2018-07-12,33.61,33.61,32.84,33.27,31.0897,309295
2018-07-13,33.23,33.38,32.96,33.01,30.846999999999998,238563
2018-07-16,33.08,33.44,33.08,33.4,31.2113,235121
2018-07-17,33.47,33.59,33.19,33.38,31.1926,390173
2018-07-18,33.31,33.79,33.31,33.74,31.5291,312008
2018-07-19,33.73,34.33,33.5,34.32,32.0711,587539
2018-07-20,34.31,35.05,34.08,34.77,32.4915,471555
2018-07-23,34.64,35.26,34.46,35.13,32.828,344610
2018-07-24,35.16,35.26,34.76,35.05,32.7532,267244
2018-07-25,35.41,35.41,34.8,35.13,32.828,570841
2018-07-26,35.24,35.51,35.22,35.32,33.0054,404905
2018-07-27,35.33,35.6,34.98,35.33,33.0149,365777
2018-07-30,35.42,35.68,35.32,35.35,33.0335,299135
2018-07-31,35.37,35.62,34.885,35.19,32.884,397927
2018-08-01,35.25,35.5,35.06,35.23,32.9214,454375
2018-08-02,35.04,35.56,34.94,35.37,33.0523,557566
2018-08-03,35.27,35.66,34.78,34.85,32.5664,296155
2018-08-06,34.89,34.96,34.65,34.85,32.5664,202100
2018-08-07,34.91,35.27,34.91,35.16,32.8561,258668
2018-08-08,35.11,35.45,35.0,35.27,32.9587,221629
2018-08-09,35.23,35.41,34.99,35.1,32.7999,134240
2018-08-10,34.91,35.3,34.68,35.07,32.7718,113189
2018-08-13,35.05,35.27,34.83,34.91,32.6222,255233
2018-08-14,35.02,35.45,34.92,35.27,32.9587,305665
2018-08-15,35.13,35.45,34.95,35.01,32.7157,249064
2018-08-16,35.11,35.65,35.11,35.39,33.0708,220512
2018-08-17,35.26,35.46,35.24,35.39,33.0708,172256
2018-08-20,35.41,35.61,35.14,35.54,33.2111,175417
2018-08-21,35.56,36.32,35.48,36.22,33.8466,354638
2018-08-22,36.11,36.155,35.7574,36.05,33.6876,148820
2018-08-23,36.0,36.01,35.72,35.94,33.5849,128338
2018-08-24,35.95,36.11,35.8,35.89,33.5383,148449
2018-08-27,36.06,36.21,35.75,35.8,33.4541,196974
2018-08-28,35.87,35.9,35.52,35.68,33.3418,173633
2018-08-29,35.67,35.73,35.32,35.61,33.2766,150823
2018-08-30,35.33,35.565,35.12,35.38,33.2766,187063
2018-08-31,35.27,35.65,35.14,35.48,33.3705,248275
2018-09-04,35.49,35.89,35.4,35.77,33.6433,236471
2018-09-05,35.76,36.09,35.56,35.64,33.5209,262559
2018-09-06,35.52,35.96,35.52,35.64,33.5209,279741
2018-09-07,35.64,36.11,35.44,35.66,33.54,187870
2018-09-10,35.83,35.83,35.49,35.54,33.4268,138741
2018-09-11,35.54,35.87,35.33,35.55,33.4363,189694
2018-09-12,35.48,35.5,34.91,35.13,33.0413,273501
2018-09-13,35.29,35.29,34.65,34.86,32.7873,203851
2018-09-14,34.91,35.41,34.89,35.33,33.2295,246133
2018-09-17,35.32,35.32,34.9,35.04,32.9567,251510
2018-09-18,35.15,35.2,34.59,34.6,32.5429,330272
2018-09-19,34.59,35.12,34.52,34.89,32.8157,269355
2018-09-20,35.03,35.33,35.0025,35.15,33.0601,340604
2018-09-21,35.02,35.33,34.92,34.99,32.9097,678795
2018-09-24,34.94,34.96,34.32,34.54,32.4865,290384
2018-09-25,34.72,34.74,34.54,34.67,32.6086,163593
2018-09-26,34.74,34.84,33.785,33.84,31.8281,266380
2018-09-27,33.85,34.15,33.64,33.75,31.7434,334688
2018-09-28,33.65,33.96,33.54,33.65,31.6494,497096
2018-10-01,33.83,33.83,33.07,33.2,31.226,257037
2018-10-02,33.2,33.46,32.905,33.08,31.1133,215494
2018-10-03,33.25,34.06,33.12,34.0,31.9785,246969
2018-10-04,33.92,34.46,33.27,34.07,32.0444,457173
2018-10-05,34.22,34.36,33.76,34.0,31.9785,496888
2018-10-08,33.93,34.45,33.77,34.21,32.176,470224
2018-10-09,34.1,34.44,33.93,34.29,32.2512,290119
2018-10-10,34.3,34.67,33.88,33.92,31.9033,511001
2018-10-11,33.73,33.95,32.64,32.65,30.7088,442731
2018-10-12,33.06,33.06,31.0,31.77,29.8811,633761
2018-10-15,31.75,32.46,31.66,32.19,30.2762,323782
2018-10-16,32.32,32.72,31.78,32.65,30.7088,274815
2018-10-17,32.48,33.14,32.29,32.87,30.9157,269980
2018-10-18,32.79,32.97,32.08,32.13,30.2199,336030
2018-10-19,31.97,32.22,31.45,31.47,29.599,398813
2018-10-22,31.47,31.62,30.46,30.51,28.6961,489874
2018-10-23,30.11,30.77,29.97,30.33,28.5266,581795
2018-10-24,29.42,31.07,28.56,28.75,27.0407,748248
2018-10-25,28.7,29.75,28.7,29.55,27.793000000000003,582221
2018-10-26,29.32,29.74,29.01,29.37,27.6238,634211
2018-10-29,29.51,30.57,29.51,30.13,28.3387,424028
2018-10-30,30.2,30.7,30.03,30.66,28.837,388648
2018-10-31,31.14,31.21,30.72,30.8,28.9689,536795
2018-11-01,30.85,31.3,30.68,31.05,29.2039,317391
2018-11-02,31.18,31.45,31.0,31.4,29.5331,289939
2018-11-05,31.47,31.88,31.4,31.7,29.8152,452746
2018-11-06,31.61,32.12,31.49,31.95,30.0505,398779
2018-11-07,31.96,32.14,31.37,31.72,29.834,452315
2018-11-08,31.62,31.91,31.42,31.52,29.6458,501428
2018-11-09,31.42,31.74,30.98,31.22,29.3639,295308
2018-11-12,31.23,31.56,30.89,30.89,29.0534,459430
2018-11-13,30.99,31.65,30.9,31.03,29.1851,895473
2018-11-14,31.23,31.5,30.08,30.48,28.668000000000003,551067
2018-11-15,30.26,31.415,30.1897,31.36,29.4956,535222
2018-11-16,31.06,31.79,30.81,31.68,29.7965,1141655
2018-11-19,31.58,31.89,31.21,31.47,29.599,291414
2018-11-20,31.18,31.55,30.79,30.97,29.1287,291129
2018-11-21,31.03,31.61,30.8,31.07,29.2227,219097
2018-11-23,30.86,31.305,30.84,30.97,29.1287,176498
2018-11-26,31.26,31.81,31.24,31.45,29.5802,399863
2018-11-27,31.45,31.775,31.38,31.68,29.7965,445259
2018-11-28,31.7,32.34,31.34,32.21,30.2948,504092
2018-11-29,31.84,32.02,31.34,31.82,30.1434,321919
2018-11-30,31.72,32.48,31.72,32.34,30.6359,336747
2018-12-03,32.57,32.67,31.97,32.31,30.6075,349650
2018-12-04,32.16,32.47,30.4,30.7,29.0823,444710
2018-12-06,30.32,30.91,29.93,30.8,29.1772,380554
2018-12-07,30.81,31.2,30.43,30.83,29.2056,373736
2018-12-10,30.84,30.84,29.85,30.16,28.5708,415785
2018-12-11,30.52,30.73,29.97,30.21,28.6181,446960
2018-12-12,30.48,30.85,30.1,30.31,28.7129,766336
2018-12-13,30.32,30.32,29.33,29.35,27.8036,544739
2018-12-14,29.18,29.73,28.94,29.03,27.5004,443197
2018-12-17,29.04,29.7,28.81,29.11,27.5762,458291
2018-12-18,29.14,29.51,28.65,28.78,27.2635,611742
2018-12-19,28.77,29.155,27.9,28.06,26.5815,537307
2018-12-20,28.06,28.43,27.97,28.15,26.6667,608241
2018-12-21,28.16,28.52,27.51,27.57,26.1172,1236399
2018-12-24,27.55,27.72,26.95,26.96,25.5395,289571
2018-12-26,27.06,28.22,26.84,28.17,26.6857,432024
2018-12-27,27.72,29.59,27.19,28.18,26.6951,569238
2018-12-28,28.21,28.72,27.985,28.37,26.8752,302245
2018-12-31,28.48,28.62,27.6428,28.43,26.9319,349706
2019-01-02,28.05,28.88,27.96,28.77,27.2542,427539
2019-01-03,28.62,29.32,28.4,28.63,27.1213,301984
2019-01-04,29.11,29.56,28.83,29.43,27.8793,311347
2019-01-07,27.98,29.55,27.59,29.31,27.7657,784907
2019-01-08,29.39,29.55,27.52,29.24,27.6993,539906
2019-01-09,29.23,29.45,28.9425,29.18,27.6425,369753
2019-01-10,29.05,29.39,28.88,29.25,27.7088,362940
2019-01-11,29.04,29.325,28.9201,29.3,27.7562,399014
2019-01-14,29.0,29.415,29.0,29.19,27.6521,425175
2019-01-15,29.06,29.49,28.82,29.44,27.8888,426623
2019-01-16,29.58,30.1,29.52,29.98,28.4003,501593
2019-01-17,29.73,30.2,29.7,30.12,28.533,615832
2019-01-18,30.13,30.54,29.99,30.38,28.7793,566318
2019-01-22,30.15,30.51,29.85,30.28,28.6845,645736
2019-01-23,30.23,30.51,30.06,30.48,28.874000000000002,629631
2019-01-24,30.38,32.0,29.81,30.76,29.1391,641200
2019-01-25,30.9,31.48,30.06,31.34,29.6886,478824
2019-01-28,31.17,31.545,31.04,31.51,29.8497,557695
2019-01-29,31.5,31.7299,31.26,31.27,29.6223,405819
2019-01-30,31.37,31.6,31.13,31.31,29.6602,529177
2019-01-31,31.22,31.58,30.7,31.53,29.8688,828222
2019-02-01,31.55,31.66,30.32,31.49,29.8308,327607
2019-02-04,31.51,31.93,31.34,31.9,30.2193,342433
2019-02-05,31.9,32.065,31.55,32.02,30.3328,401932
2019-02-06,31.92,32.16,31.88,32.12,30.4276,247111
2019-02-07,32.25,32.69,32.05,32.65,30.9297,540243
2019-02-08,32.5,32.84,32.27,32.78,31.0529,733672
2019-02-11,32.87,33.33,32.69,33.32,31.5643,503227
2019-02-12,33.45,33.75,33.35,33.58,31.8108,495035
2019-02-13,33.59,33.76,33.4,33.69,31.9148,259400
2019-02-14,33.42,33.61,33.25,33.45,31.6874,468562
2019-02-15,33.67,34.06,33.62,34.0,32.2087,420452
2019-02-19,33.85,34.84,33.5369,34.68,32.8527,702447
2019-02-20,34.6,35.48,34.4,35.48,33.6107,587143
2019-02-21,35.39,35.59,35.27,35.53,33.6579,582840
2019-02-22,35.59,35.81,35.38,35.8,33.9137,504127
2019-02-25,36.0,36.24,35.84,35.92,34.0272,591820
2019-02-26,35.79,35.97,35.36,35.38,33.5157,375907
2019-02-27,35.32,35.595,35.2,35.54,33.6673,350160
2019-02-28,35.31,35.66,35.25,35.48,33.8294,456746
2019-03-01,35.73,35.75,35.29,35.64,33.982,462918
2019-03-04,35.58,35.71,35.22,35.44,33.7913,610001
2019-03-05,35.44,35.67,35.06,35.5,33.8485,433472
2019-03-06,35.47,35.58,34.87,34.96,33.3336,486060
2019-03-07,34.96,35.02,34.49,34.58,32.9714,533998
2019-03-08,34.42,35.12,34.27,34.99,33.3624,633567
2019-03-11,35.05,35.12,34.71,34.78,33.162,752215
2019-03-12,34.76,34.87,34.41,34.57,32.9618,540932
2019-03-13,34.76,34.91,34.31,34.31,32.7138,941526
2019-03-14,34.35,34.76,34.075,34.5,32.895,402319
2019-03-15,34.45,34.98,34.37,34.57,32.9618,1475842
2019-03-18,34.74,35.21,34.59,35.1,33.4672,521024
2019-03-19,35.33,35.33,34.36,34.44,32.8379,326044
2019-03-20,33.94,34.5,33.74,33.8,32.2276,675269
2019-03-21,33.58,33.69,32.9,32.99,31.4554,791659
2019-03-22,32.8,32.84,31.65,31.95,30.4637,833175
2019-03-25,31.98,32.53,31.88,32.23,30.7306,318556
2019-03-26,32.4,33.37,32.4,33.34,31.7889,493874
2019-03-27,33.27,33.6,33.02,33.4,31.8462,216287
2019-03-28,33.39,33.88,33.13,33.85,32.2753,245432
2019-03-29,34.08,34.14,33.47,33.63,32.0654,296732
2019-04-01,33.98,34.58,33.9,34.53,32.9236,377036
2019-04-02,34.41,34.65,34.11,34.36,32.7616,257615
2019-04-03,34.67,34.82,34.32,34.35,32.7521,241955
2019-04-04,34.42,34.92,34.38,34.85,33.2289,248102
2019-04-05,34.89,35.05,34.63,35.01,33.3813,217296
2019-04-08,34.95,35.12,34.74,34.92,33.2955,267278
2019-04-09,34.84,34.98,34.12,34.18,32.59,329082
2019-04-10,34.28,34.32,33.85,34.32,32.7235,278659
2019-04-11,34.51,34.65,34.22,34.4,32.7997,213787
2019-04-12,34.84,35.0,34.28,34.89,33.2669,290898
2019-04-15,34.95,34.95,34.4,34.45,32.8474,224161
2019-04-16,34.48,34.85,34.28,34.82,33.2002,445378
2019-04-17,34.75,34.76,34.2625,34.64,33.0285,243241
2019-04-18,34.51,34.575,33.99,34.08,32.4947,261466
2019-04-22,34.09,34.1841,33.52,33.76,32.1894,355829
2019-04-23,33.85,34.55,33.7161,34.5,32.895,376723
2019-04-24,34.2,35.33,34.2,35.03,33.4004,517167
2019-04-25,35.15,35.36,34.72,35.28,33.6388,260111
2019-04-26,35.3,35.73,34.9401,35.63,33.9724,235449
2019-04-29,35.78,36.25,35.78,36.12,34.4397,389775
2019-04-30,36.06,36.38,35.835,35.96,34.2871,289752
2019-05-01,36.03,36.24,35.4,35.54,33.8867,236045
2019-05-02,35.58,36.13,35.56,36.05,34.3729,205880
2019-05-03,36.05,36.53,35.705,36.44,34.7449,306358
2019-05-06,35.97,36.635,35.93,36.45,34.7544,254954
2019-05-07,36.14,36.28,35.38,35.56,33.9057,444678
2019-05-08,35.47,35.655,35.04,35.08,33.448,313016
2019-05-09,34.92,35.14,34.555,35.04,33.4099,437490
2019-05-10,34.88,35.0499,34.41,35.01,33.3813,218288
2019-05-13,34.61,34.61,33.46,33.6,32.0368,398467
2019-05-14,33.67,33.99,33.48,33.81,32.2371,317288
2019-05-15,33.5,33.61,32.9901,33.55,31.9893,247543
2019-05-16,33.75,34.305,33.75,34.1,32.5137,192021
2019-05-17,33.77,34.23,33.42,33.43,31.8748,260029
2019-05-20,33.33,33.89,33.33,33.54,31.9798,185024
2019-05-21,33.63,33.81,33.48,33.79,32.2182,142245
2019-05-22,33.68,33.76,33.18,33.3,31.7508,131139
2019-05-23,32.96,32.96,32.43,32.79,31.2646,310564
2019-05-24,32.99,33.375,32.99,33.28,31.7319,125844
2019-05-28,33.26,33.4,32.96,33.01,31.4745,260880
2019-05-29,32.72,33.25,32.555,33.13,31.5888,219192
2019-05-30,32.98,33.16,32.01,32.28,30.9935,207518
2019-05-31,31.89,32.09,31.69,31.77,30.5038,371651
2019-06-03,31.77,32.4275,31.7,32.15,30.8687,297456
2019-06-04,32.5,33.25,32.5,33.16,31.8384,241070
2019-06-05,33.02,33.25,32.43,32.87,31.5601,397896
2019-06-06,32.78,32.97,32.25,32.61,31.3104,246176
2019-06-07,32.57,32.61,32.16,32.19,30.9071,236091
2019-06-10,32.32,32.89,32.32,32.53,31.2335,224993
2019-06-11,32.67,32.85,32.2201,32.4,31.1087,218491
2019-06-12,32.46,32.69,32.23,32.38,31.0894,260317
2019-06-13,32.5,32.81,32.35,32.47,31.1759,174159
2019-06-14,32.5,32.51,32.07,32.38,31.0894,147256
2019-06-17,32.42,32.604,31.71,31.85,30.5806,301645
2019-06-18,31.9,32.57,31.9,32.46,31.1663,204298
2019-06-19,32.46,32.86,32.12,32.14,30.8591,240815
2019-06-20,32.41,32.41,31.695,32.12,30.8398,207254
2019-06-21,31.91,32.34,31.91,32.06,30.7822,836707
2019-06-24,32.06,32.37,31.91,31.95,30.6767,278990
2019-06-25,31.93,32.59,31.73,32.38,31.0894,471791
2019-06-26,32.47,32.66,32.13,32.18,30.8975,230763
2019-06-27,32.29,32.74,32.29,32.73,31.4255,224153
2019-06-28,32.89,33.58,32.84,33.25,31.9248,498430
2019-07-01,33.57,33.75,32.92,33.2,31.8768,209393
2019-07-02,33.19,33.2,32.54,32.96,31.6464,249348
2019-07-03,33.14,33.35,32.96,33.12,31.8,118845
2019-07-05,33.28,33.58,33.23,33.44,32.1072,171238
2019-07-08,33.33,33.38,33.06,33.22,31.8961,239994
2019-07-09,33.08,33.21,32.65,33.13,31.8097,253851
2019-07-10,33.16,33.23,32.79,32.83,31.5215,156009
2019-07-11,32.83,33.01,32.59,32.86,31.5503,295888
2019-07-12,33.03,33.31,32.85,33.18,31.8576,247344
2019-07-15,33.28,33.28,32.39,32.48,31.1856,202176
2019-07-16,32.5,32.64,32.26,32.42,31.1279,201235
2019-07-17,32.32,32.49,31.97,32.2,30.9167,191104
2019-07-18,32.3,32.64,32.1,32.45,31.1568,185208
2019-07-19,32.32,32.695,32.32,32.36,31.0702,190450
2019-07-22,32.31,32.33,31.92,32.18,30.8975,166007
2019-07-23,32.33,32.62,32.03,32.51,31.2144,306003
2019-07-24,33.63,35.19,33.0135,34.99,33.5955,1034824
2019-07-25,35.11,35.85,34.82,35.04,33.6435,570042
2019-07-26,35.07,35.71,34.9,35.6,34.1812,380343
2019-07-29,35.6,35.86,34.945,34.99,33.5955,365876
2019-07-30,34.75,35.75,34.75,35.7,34.2772,306737
2019-07-31,35.59,36.04,35.45,35.54,34.1237,347394
2019-08-01,35.48,35.89,34.77,34.98,33.5858,581970
2019-08-02,34.9,34.96,34.18,34.76,33.3746,286128
2019-08-05,34.18,34.3,33.6,34.18,32.8178,455099
2019-08-06,34.45,34.54,33.6,34.24,32.8754,227679
2019-08-07,33.72,34.09,33.36,34.01,32.6546,243173
2019-08-08,34.29,34.72,33.92,34.57,33.1922,316269
2019-08-09,34.51,34.55,34.17,34.44,33.0674,193418
2019-08-12,34.15,34.27,33.8484,34.14,32.7794,211799
2019-08-13,34.13,34.93,34.09,34.7,33.317,309098
2019-08-14,34.05,34.17,33.27,33.53,32.1937,349220
2019-08-15,33.77,33.88,33.25,33.26,31.9345,175328
2019-08-16,33.48,34.15,33.48,34.01,32.6546,413127
2019-08-19,34.55,34.61,34.25,34.45,33.077,239942
2019-08-20,34.31,34.31,33.63,33.75,32.405,158509
2019-08-21,34.05,34.05,33.63,33.83,32.4817,252132
2019-08-22,34.09,34.48,33.68,33.93,32.5777,208779
2019-08-23,33.77,34.07,32.56,32.68,31.3775,322561
2019-08-26,32.95,33.26,32.56,33.01,31.6944,210201
2019-08-27,33.2,33.22,32.2,32.4,31.1087,184161
2019-08-28,32.31,32.92,32.31,32.59,31.2911,179307
2019-08-29,32.7,33.13,32.7,32.95,31.8616,169055
2019-08-30,33.05,33.32,32.45,32.68,31.6006,441651
2019-09-03,32.45,32.58,31.65,31.88,30.8271,395740
2019-09-04,32.23,32.46,31.73,31.99,30.9333,132862
2019-09-05,32.46,33.26,32.405,32.65,31.5715,209912
2019-09-06,32.7,32.78,32.21,32.27,31.2041,203892
2019-09-09,32.48,33.19,32.38,33.11,32.0163,254454
2019-09-10,33.23,33.59,33.07,33.51,32.4032,219201
2019-09-11,33.75,34.4,33.18,34.33,33.196,216559
2019-09-12,34.17,34.89,33.85,34.74,33.5925,280561
2019-09-13,35.0,35.38,34.79,35.09,33.931,216428
2019-09-16,34.82,35.23,34.72,34.99,33.8343,162210
2019-09-17,34.8,34.965,34.15,34.33,33.196,198360
2019-09-18,34.23,34.52,34.02,34.42,33.283,217500
2019-09-19,34.35,34.9,34.1,34.14,33.0124,180911
2019-09-20,34.12,34.485,33.9,34.13,33.0028,957568
2019-09-23,33.87,34.29,33.79,34.07,32.9446,186941
2019-09-24,34.03,34.09,33.26,33.575,32.466,441353
2019-09-25,33.85,34.41,33.82,34.35,33.2155,281724
2019-09-26,34.22,34.32,34.0,34.03,32.9059,367008
2019-09-27,34.4,34.61,34.12,34.34,33.2057,414913
2019-09-30,34.45,34.49,34.04,34.11,32.9833,196980
2019-10-01,34.47,34.48,33.35,33.52,32.4128,409025
2019-10-02,33.44,33.53,33.1,33.31,32.2097,229648
2019-10-03,33.22,33.46,32.855,33.42,32.3161,163459
2019-10-04,33.43,33.91,33.23,33.88,32.7609,177728
2019-10-07,33.87,33.905,33.6,33.73,32.6159,155881
2019-10-08,33.33,33.67,33.19,33.48,32.3742,402850
2019-10-09,33.86,33.89,33.62,33.75,32.6352,238215
2019-10-10,33.96,34.35,33.93,34.02,32.8963,275613
2019-10-11,34.67,34.9,34.18,34.19,33.0607,232649
2019-10-14,34.06,34.19,34.01,34.09,32.964,119608
2019-10-15,34.12,34.51,33.93,34.29,33.1574,181150
2019-10-16,34.38,34.51,34.015,34.155,33.0269,164986
2019-10-17,34.38,34.46,34.08,34.36,33.2251,162250
2019-10-18,34.2,34.64,33.59,34.55,33.4088,154734
2019-10-21,34.96,35.27,34.43,34.99,33.8343,152874
2019-10-22,34.96,35.53,34.54,34.91,33.7569,354958
2019-10-23,35.31,35.32,33.85,34.3,33.1671,249297
2019-10-24,34.24,34.325,33.81,34.17,33.0414,164201
2019-10-25,34.19,34.56,34.16,34.36,33.2251,149263
2019-10-28,34.43,34.86,34.385,34.74,33.5925,144132
2019-10-29,34.68,35.16,34.62,35.05,33.8922,311523
2019-10-30,35.05,35.13,34.61,34.85,33.6989,187760
2019-10-31,34.61,34.61,33.94,34.32,33.1864,299692
2019-11-01,34.52,34.8,34.465,34.79,33.6409,132596
2019-11-04,35.04,35.2,34.94,35.15,33.989000000000004,171519
2019-11-05,35.23,35.61,35.01,35.19,34.0276,268857
2019-11-06,35.17,35.36,34.96,35.32,34.1533,144265
2019-11-07,35.63,35.815,35.0,35.15,33.989000000000004,154061
2019-11-08,35.09,35.44,34.98,35.15,33.989000000000004,118505
2019-11-11,34.86,35.3,34.75,34.91,33.7569,111792
2019-11-12,34.94,35.22,34.75,34.94,33.786,171451
2019-11-13,34.67,34.87,34.43,34.6,33.4571,132478
2019-11-14,34.54,34.82,34.43,34.66,33.5152,194643
2019-11-15,34.86,35.08,34.67,34.8,33.6506,324801
2019-11-18,34.73,34.74,34.32,34.7,33.5538,172294
2019-11-19,34.78,34.91,34.55,34.7,33.5538,159387
2019-11-20,34.51,34.67,33.97,34.29,33.1574,253270
2019-11-21,34.58,34.58,34.09,34.24,33.109,103504
2019-11-22,34.38,34.49,34.16,34.24,33.109,141625
2019-11-25,34.35,34.71,34.28,34.53,33.3895,166364
2019-11-26,34.47,34.68,34.34,34.59,33.4474,141952
2019-11-27,34.58,34.61,34.3,34.51,33.5934,88975
2019-11-29,34.42,34.9,34.31,34.36,33.4474,71991
2019-12-02,34.49,34.65,34.085,34.16,33.2528,149101
2019-12-03,33.84,34.11,33.65,34.05,33.1457,239047
2019-12-04,34.29,34.6561,34.29,34.43,33.5156,216841
2019-12-05,34.63,34.75,34.47,34.59,33.6714,156569
2019-12-06,34.82,35.16,34.61,34.63,33.7103,206359
2019-12-09,34.55,34.72,34.404,34.52,33.6032,131450
2019-12-10,34.54,34.71,34.28,34.65,33.7297,109041
2019-12-11,34.7,34.76,34.39,34.52,33.6032,98633
2019-12-12,34.68,35.44,34.55,35.29,34.3528,147974
2019-12-13,35.17,35.29,34.69,34.91,33.9828,132620
2019-12-16,35.3,35.45,34.95,34.99,34.0608,244601
2019-12-17,35.14,35.535,35.06,35.45,34.5085,179637
2019-12-18,35.64,35.64,35.2,35.23,34.2944,214810
2019-12-19,35.16,35.39,34.89,35.12,34.1874,199576
2019-12-20,35.24,35.4,34.994,35.15,34.2165,738235
2019-12-23,35.27,35.32,34.73,34.77,33.8466,134877
2019-12-24,34.88,34.88,34.6,34.76,33.8369,57250
2019-12-26,34.9,34.9,34.69,34.78,33.8563,81002
2019-12-27,34.84,34.84,34.41,34.48,33.5643,196058
2019-12-30,34.69,34.77,34.43,34.64,33.72,209382
2019-12-31,34.56,34.74,34.5,34.51,33.5934,209570
2020-01-02,34.58,34.58,33.9,34.24,33.3307,274103
2020-01-03,33.79,34.28,33.6,34.18,33.2722,236158
2020-01-06,33.85,34.3,33.65,34.2,33.2917,285538
2020-01-07,34.0,34.04,33.685,33.725,32.8293,281471
2020-01-08,33.85,34.135,33.85,33.97,33.0678,177652
2020-01-09,34.11,34.11,33.81,33.885,32.9851,126988
2020-01-10,33.86,33.96,33.58,33.74,32.8439,177016
2020-01-13,33.89,34.19,33.7,34.14,33.2333,157845
2020-01-14,34.13,34.46,33.93,34.33,33.4182,348994
2020-01-15,34.22,34.35,33.98,34.21,33.3015,306151
2020-01-16,34.41,34.7,34.41,34.61,33.6908,162000
2020-01-17,34.84,34.84,34.43,34.46,33.5448,166710
2020-01-21,34.33,34.39,33.89,33.93,33.0289,120057
2020-01-22,34.08,34.08,33.71,34.005,33.1019,164002
2020-01-23,33.96,34.07,33.62,33.93,33.0289,187636
2020-01-24,33.98,33.98,33.36,33.64,32.7465,353708
2020-01-27,33.16,33.42,33.08,33.2,32.3183,222572
2020-01-28,33.42,33.8,33.23,33.35,32.4643,239953
2020-01-29,31.87,32.81,31.87,32.42,31.5591,687283
2020-01-30,32.12,33.27,32.12,32.89,32.0165,312340
2020-01-31,32.59,32.67,31.88,31.98,31.1307,375039
2020-02-03,32.24,32.61,32.11,32.26,31.4033,297920
2020-02-04,32.6,32.7,32.33,32.39,31.5297,201754
2020-02-05,32.78,33.26,32.56,33.2,32.3183,228381
2020-02-06,33.4,33.48,32.64,32.69,31.8219,137466
2020-02-07,32.48,32.605,32.11,32.19,31.3351,137348
2020-02-10,32.0,32.22,32.0,32.22,31.3642,115900
2020-02-11,32.36,32.62,32.12,32.15,31.2962,196374
2020-02-12,32.49,32.53,32.135,32.35,31.4908,218690
2020-02-13,32.26,32.57,32.26,32.49,31.6271,119251
2020-02-14,32.42,32.87,32.12,32.15,31.2962,183164
2020-02-18,32.03,32.22,31.65,31.88,31.0334,202340
2020-02-19,31.95,32.2597,31.87,31.99,31.1404,189462
2020-02-20,31.94,32.32,31.9,32.19,31.3351,162291
2020-02-21,32.15,32.19,31.64,31.85,31.0041,380718
2020-02-24,31.01,31.41,30.8,31.21,30.3811,425347
2020-02-25,31.16,31.22,29.96,29.98,29.1838,308665
2020-02-26,30.21,30.4957,29.39,29.4,28.6192,438971
2020-02-27,28.73,29.53,28.29,28.31,27.7755,413385
2020-02-28,27.51,28.025,26.41,26.9,26.3921,683328
2020-03-02,26.96,28.35,26.74,28.34,27.8049,453972
2020-03-03,28.35,28.59,26.82,27.17,26.656999999999996,561214
2020-03-04,27.46,27.46,26.51,27.33,26.814,459232
2020-03-05,26.49,26.64,25.94,26.35,25.8524,414445
2020-03-06,25.24,26.57,25.16,26.42,25.9212,578591
2020-03-09,24.52,25.04,23.28,23.81,23.3604,481844
2020-03-10,24.61,24.82,23.25,24.51,24.0472,376569
2020-03-11,23.78,23.89,22.44,22.87,22.4381,584166
2020-03-12,21.16,22.71,20.47,21.62,21.2117,541673
2020-03-13,22.41,24.83,22.18,24.76,24.2924,618972
2020-03-16,21.75,24.26,21.75,23.7,23.2525,674381
2020-03-17,24.22,25.91,23.18,25.76,25.2736,765031
2020-03-18,24.32,26.31,23.91,25.31,24.8321,638412
2020-03-19,25.05,28.49,23.59,26.67,26.1664,710039
2020-03-20,26.36,26.86,23.91,24.14,23.6842,757032
2020-03-23,24.29,24.67,21.67,21.87,21.4571,581183
2020-03-24,22.92,23.96,22.5,23.56,23.1152,458901
2020-03-25,23.71,24.41,21.76,22.09,21.6729,556118
2020-03-26,22.16,24.13,21.65,23.9,23.4487,401975
2020-03-27,23.05,23.56,22.68,22.9,22.4676,359310
2020-03-30,23.01,23.71,22.89,23.64,23.1936,471356
2020-03-31,23.35,23.8,22.73,23.3,22.86,519364
2020-04-01,22.13,22.78,21.36,22.25,21.8298,552024
2020-04-02,22.05,23.08,21.95,22.67,22.2419,354456
2020-04-03,22.41,23.58,21.66,22.1,21.6827,374173
2020-04-06,23.17,23.64,22.81,23.51,23.066,366081
2020-04-07,24.39,24.75,23.76,24.21,23.7529,550424
2020-04-08,24.5,25.31,23.99,24.79,24.3219,406760
2020-04-09,25.3,26.99,25.0069,26.92,26.4117,276559
2020-04-13,26.86,26.86,24.83,25.05,24.576999999999998,232415
2020-04-14,25.28,25.9,24.66,24.97,24.4986,220812
2020-04-15,24.31,24.49,23.4,23.55,23.1054,349508
2020-04-16,23.47,23.71,22.51,23.15,22.7129,341428
2020-04-17,23.99,24.685,23.545,24.48,24.0177,305898
2020-04-20,23.85,24.89,23.81,24.36,23.9001,275537
2020-04-21,23.71,24.15,23.43,23.86,23.4095,229729
2020-04-22,24.46,24.46,23.45,23.48,23.0366,231747
2020-04-23,23.57,24.18,23.38,23.88,23.4291,255431
2020-04-24,24.15,24.35,23.59,24.02,23.5665,183748
2020-04-27,24.36,25.75,24.24,25.54,25.0577,278465
2020-04-28,26.0,26.52,25.67,26.02,25.5287,320173
2020-04-29,26.8,27.9,26.03,27.4,26.8826,400856
2020-04-30,26.69,26.785999999999998,26.06,26.61,26.1075,315969
2020-05-01,25.91,26.03,25.2,25.62,25.1363,297438
2020-05-04,25.22,25.46,24.55,24.98,24.5084,249628
2020-05-05,25.28,25.62,24.08,24.09,23.6351,245334
2020-05-06,24.26,24.56,23.54,23.62,23.174,262026
2020-05-07,24.03,24.34,23.52,23.62,23.174,192495
2020-05-08,24.26,24.9,24.195,24.85,24.3808,228650
2020-05-11,24.41,24.68,23.55,23.83,23.38,353689
2020-05-12,23.87,23.94,22.29,22.33,21.9084,291231
2020-05-13,22.18,22.18,20.71,21.18,20.7801,426891
2020-05-14,20.73,21.855,20.26,21.42,21.0155,348692
2020-05-15,21.38,21.55,21.045,21.25,20.8488,383942
2020-05-18,22.22,23.21,21.85,23.11,22.6737,516193
2020-05-19,22.99,23.48,21.69,21.69,21.2805,266348
2020-05-20,22.17,23.03,21.945,22.91,22.4775,340609
2020-05-21,22.72,23.2,22.72,22.85,22.4185,392813
2020-05-22,22.96,23.17,22.4,22.73,22.3008,235436
2020-05-26,23.54,24.61,23.5253,24.23,23.7725,399533
2020-05-27,25.28,25.77,24.88,25.67,25.1853,643750
2020-05-28,26.13,26.13,24.435,24.56,24.0963,352938
2020-05-29,23.89,24.18,23.39,23.79,23.5614,340212
2020-06-01,24.0,24.2,23.44,23.47,23.2445,340140
2020-06-02,23.79,23.9478,23.03,23.15,22.9276,336448
2020-06-03,23.77,24.83,23.593000000000004,24.32,24.0863,454558
2020-06-04,24.14,24.81,23.91,24.76,24.5221,459332
2020-06-05,26.0,27.49,25.88,26.95,26.6911,514969
2020-06-08,27.57,27.76,26.635,26.91,26.6515,351264
2020-06-09,26.12,27.09,25.93,26.59,26.3345,291287
2020-06-10,26.46,26.46,25.04,25.14,24.8985,426880
2020-06-11,23.79,24.36,23.395,23.48,23.2544,588009
2020-06-12,24.58,24.58,23.25,24.16,23.9279,668498
2020-06-15,23.14,24.05,22.945,23.81,23.5812,621007
2020-06-16,24.85,25.01,23.99,24.56,24.324,359831
2020-06-17,24.48,24.64,23.64,23.75,23.5218,386213
2020-06-18,23.5,24.07,23.44,23.65,23.4228,421318
2020-06-19,23.92,24.57,23.28,24.57,24.3339,3115000
2020-06-22,24.17,24.83,23.68,24.6,24.3637,401924
2020-06-23,25.01,25.14,23.84,23.92,23.6902,554810
2020-06-24,23.68,23.68,22.61,22.61,22.3928,618765
2020-06-25,22.47,23.56,22.47,23.56,23.3337,324881
2020-06-26,23.09,23.19,22.4603,22.78,22.5611,724258
2020-06-29,23.18,24.14,23.05,23.98,23.7496,337768
2020-06-30,23.88,24.7,23.7002,24.52,24.2844,329732
2020-07-01,24.47,24.6,23.37,23.45,23.2247,350429
2020-07-02,24.17,24.27,23.26,23.39,23.1653,279860
2020-07-06,24.14,24.2975,23.195,23.31,23.0861,271916
2020-07-07,23.0,23.7,22.61,22.66,22.4423,219060
2020-07-08,22.5,22.77,21.8,22.19,21.9768,370205
2020-07-09,22.04,22.62,21.22,21.31,21.1053,379675
2020-07-10,21.32,22.235,21.32,22.22,22.0065,265951
2020-07-13,22.5,23.14,22.03,22.65,22.4324,282788
2020-07-14,22.55,22.87,22.02,22.455,22.2393,258409
2020-07-15,23.04,23.65,22.99,23.53,23.3039,268516
2020-07-16,23.29,23.87,23.1201,23.5,23.2742,184272
2020-07-17,23.45,23.74,22.85,22.87,22.6503,198906
2020-07-20,22.62,23.02,22.24,22.27,22.055999999999997,258476
2020-07-21,22.52,23.48,22.52,23.45,23.2247,259927
2020-07-22,23.19,23.335,22.685,22.945,22.7246,307964
2020-07-23,22.93,23.61,22.93,23.36,23.1356,256644
2020-07-24,23.44,23.72,23.06,23.14,22.9177,215690
2020-07-27,22.92,23.8889,22.4,22.52,22.3036,290479
2020-07-28,22.37,22.96,22.22,22.63,22.4126,314354
2020-07-29,24.74,24.74,23.075,23.72,23.4921,442515
2020-07-30,23.87,23.87,22.37,22.73,22.5116,577825
2020-07-31,22.5,22.65,21.99,22.52,22.3036,410987
2020-08-03,22.62,22.88,22.25,22.655,22.4373,324909
2020-08-04,22.55,22.79,22.12,22.48,22.264,252687
2020-08-05,22.78,23.14,22.52,23.1,22.8781,391080
2020-08-06,23.0,23.3,22.945,23.11,22.888,177563
2020-08-07,22.9,24.01,22.71,24.0,23.7694,222155
2020-08-10,24.12,25.1,23.465,24.44,24.2052,322188
2020-08-11,24.91,25.5,24.71,24.86,24.6212,281786
2020-08-12,25.44,25.44,24.19,24.42,24.1854,207218
2020-08-13,24.16,24.77,23.94,24.09,23.8586,217937
2020-08-14,23.85,24.765,23.76,24.48,24.2448,289611
2020-08-17,24.33,24.44,23.93,24.17,23.9378,283985
2020-08-18,24.09,24.6725,23.49,23.57,23.3436,299558
2020-08-19,23.58,24.12,23.32,23.83,23.6011,263589
2020-08-20,23.46,23.7,23.37,23.6,23.3733,402595
2020-08-21,23.5,23.88,23.46,23.71,23.4822,1384205
2020-08-24,24.0,24.52,23.61,24.41,24.1755,204415
2020-08-25,24.73,24.835,24.17,24.36,24.125999999999998,212692
2020-08-26,24.39,24.39,23.59,23.63,23.403000000000002,213851
2020-08-27,23.68,24.3601,23.68,24.07,23.8388,184690
2020-08-28,24.25,24.25,23.76,23.94,23.71,168802
2020-08-31,23.6,23.95,23.47,23.48,23.48,286600
2020-09-01,23.31,23.71,23.22,23.53,23.53,155100
2020-09-02,23.46,23.98,23.39,23.82,23.82,212200
2020-09-03,23.91,24.73,23.66,23.77,23.77,196600
2020-09-04,24.2,24.56,23.78,24.17,24.17,219600
2020-09-08,23.92,24.06,22.75,23.09,23.09,400900
2020-09-09,23.19,23.19,22.57,22.78,22.78,284700
2020-09-10,22.94,23.02,22.4,22.59,22.59,306500
